old_slug,pet,question,priority,status
can-a-10-month-old-kitten-eat-cat-food,cats,Can a 10 month old kitten eat cat food?,high,merged:can-kittens-eat-cat-food
can-a-5-month-old-kitten-eat-cat-food,cats,Can a 5 month old kitten eat cat food?,high,merged:can-kittens-eat-cat-food
can-a-6-month-old-kitten-eat-cat-food,cats,Can a 6 month old kitten eat cat food?,high,merged:can-kittens-eat-cat-food
can-cats-die-from-eating-grapes,cats,Can cats die from eating grapes?,high,todo
can-cats-eat-almond-butter,cats,Can cats eat almond butter?,high,todo
can-cats-eat-almonds,cats,Can cats eat almonds?,high,todo
can-cats-eat-apples,cats,Can cats eat apples?,high,todo
can-cats-eat-applesauce,cats,Can cats eat applesauce?,high,todo
can-cats-eat-avocados,cats,Can cats eat avocados?,high,todo
can-cats-eat-bacon,cats,Can cats eat bacon?,high,todo
can-cats-eat-bacon-raw,cats,Can cats eat bacon raw?,high,todo
can-cats-eat-banana-bread,cats,Can cats eat banana bread?,high,done
can-cats-eat-bananas,cats,Can cats eat bananas?,high,todo
can-cats-eat-beef,cats,Can cats eat beef?,high,todo
can-cats-eat-beef-jerky,cats,Can cats eat beef jerky?,high,done
can-cats-eat-blueberries,cats,Can cats eat blueberries?,high,todo
can-cats-eat-blueberry-muffins,cats,Can cats eat blueberry muffins?,high,todo
can-cats-eat-boiled-chicken,cats,Can cats eat boiled chicken?,high,todo
can-cats-eat-boiled-eggs,cats,Can cats eat boiled eggs?,high,todo
can-cats-eat-bones,cats,Can cats eat bones?,high,todo
can-cats-eat-bread,cats,Can cats eat bread?,high,todo
can-cats-eat-broccoli,cats,Can cats eat broccoli?,high,todo
can-cats-eat-brown-rice,cats,Can cats eat brown rice?,high,todo
can-cats-eat-can-dog-food,cats,Can cats eat can dog food?,high,todo
can-cats-eat-can-tuna,cats,Can cats eat can tuna?,high,todo
can-cats-eat-canned-chicken,cats,Can cats eat canned chicken?,high,todo
can-cats-eat-canned-dog-food,cats,Can cats eat canned dog food?,high,todo
can-cats-eat-canned-salmon,cats,Can cats eat canned salmon?,high,todo
can-cats-eat-canned-tuna,cats,Can cats eat canned tuna?,high,todo
can-cats-eat-canned-tuna-in-water,cats,Can cats eat canned tuna in water?,high,todo
can-cats-eat-carrots,cats,Can cats eat carrots?,high,todo
can-cats-eat-cashews,cats,Can cats eat cashews?,high,done
can-cats-eat-catnip,cats,Can cats eat catnip?,high,todo
can-cats-eat-cheese,cats,Can cats eat cheese?,high,done
can-cats-eat-cheesecake,cats,Can cats eat cheesecake?,high,todo
can-cats-eat-chia-grass,cats,Can cats eat chia grass?,high,todo
can-cats-eat-chicken,cats,Can cats eat chicken?,high,todo
can-cats-eat-chicken-and-rice,cats,Can cats eat chicken and rice?,high,todo
can-cats-eat-chicken-bones,cats,Can cats eat chicken bones?,high,todo
can-cats-eat-chicken-breast,cats,Can cats eat chicken breast?,high,todo
can-cats-eat-chicken-broth,cats,Can cats eat chicken broth?,high,done
can-cats-eat-chicken-liver,cats,Can cats eat chicken liver?,high,done
can-cats-eat-chicken-noodle-soup,cats,Can cats eat chicken noodle soup?,high,todo
can-cats-eat-chicken-nuggets,cats,Can cats eat chicken nuggets?,high,todo
can-cats-eat-chickpeas,cats,Can cats eat chickpeas?,high,done
can-cats-eat-chocolate,cats,Can cats eat chocolate?,high,done
can-cats-eat-chocolate-ice-cream,cats,Can cats eat chocolate ice cream?,high,todo
can-cats-eat-cooked-eggs,cats,Can cats eat cooked eggs?,high,todo
can-cats-eat-cooked-rice,cats,Can cats eat cooked rice?,high,todo
can-cats-eat-cooked-shrimp,cats,Can cats eat cooked shrimp?,high,todo
can-cats-eat-corn-2,cats,Can cats eat corn 2?,high,todo
can-cats-eat-corn-husks,cats,Can cats eat corn husks?,high,todo
can-cats-eat-corn-on-the-cob,cats,Can cats eat corn on the cob?,high,todo
can-cats-eat-cornbread,cats,Can cats eat cornbread?,high,todo
can-cats-eat-corned-beef,cats,Can cats eat corned beef?,high,todo
can-cats-eat-cornish-hens,cats,Can cats eat cornish hens?,high,todo
can-cats-eat-cottage-cheese,cats,Can cats eat cottage cheese?,high,done
can-cats-eat-cream-cheese,cats,Can cats eat cream cheese?,high,merged:can-cats-eat-cottage-cheese
can-cats-eat-cucumbers,cats,Can cats eat cucumbers?,high,todo
can-cats-eat-dog-food,cats,Can cats eat dog food?,high,done
can-cats-eat-dog-food-in-an-emergency,cats,Can cats eat dog food in an emergency?,high,todo
can-cats-eat-dog-ice-cream,cats,Can cats eat dog ice cream?,high,todo
can-cats-eat-dried-catnip,cats,Can cats eat dried catnip?,high,todo
can-cats-eat-dried-dog-food,cats,Can cats eat dried dog food?,high,todo
can-cats-eat-dry-dog-food,cats,Can cats eat dry dog food?,high,todo
can-cats-eat-egg,cats,Can cats eat egg?,high,todo
can-cats-eat-egg-shells,cats,Can cats eat egg shells?,high,todo
can-cats-eat-egg-white,cats,Can cats eat egg white?,high,todo
can-cats-eat-egg-yolk,cats,Can cats eat egg yolk?,high,todo
can-cats-eat-egg-yolks-raw,cats,Can cats eat egg yolks raw?,high,todo
can-cats-eat-eggs,cats,Can cats eat eggs?,high,done
can-cats-eat-eggs-and-cheese,cats,Can cats eat eggs and cheese?,high,todo
can-cats-eat-eggs-cooked,cats,Can cats eat eggs cooked?,high,todo
can-cats-eat-fish-bones,cats,Can cats eat fish bones?,high,todo
can-cats-eat-fresh-catnip,cats,Can cats eat fresh catnip?,high,todo
can-cats-eat-fried-chicken,cats,Can cats eat fried chicken?,high,todo
can-cats-eat-fried-eggs,cats,Can cats eat fried eggs?,high,todo
can-cats-eat-garlic,cats,Can cats eat garlic?,high,todo
can-cats-eat-garlic-powder,cats,Can cats eat garlic powder?,high,todo
can-cats-eat-graham-crackers,cats,Can cats eat graham crackers?,high,todo
can-cats-eat-grapes,cats,Can cats eat grapes?,high,todo
can-cats-eat-grass,cats,Can cats eat grass?,high,todo
can-cats-eat-grasshoppers,cats,Can cats eat grasshoppers?,high,todo
can-cats-eat-greek-yogurt,cats,Can cats eat greek yogurt?,high,todo
can-cats-eat-green-apples,cats,Can cats eat green apples?,high,todo
can-cats-eat-green-beans,cats,Can cats eat green beans?,high,todo
can-cats-eat-green-grapes,cats,Can cats eat green grapes?,high,todo
can-cats-eat-green-onions,cats,Can cats eat green onions?,high,todo
can-cats-eat-ground-beef,cats,Can cats eat ground beef?,high,todo
can-cats-eat-ground-turkey,cats,Can cats eat ground turkey?,high,todo
can-cats-eat-ham,cats,Can cats eat ham?,high,todo
can-cats-eat-hamburger,cats,Can cats eat hamburger?,high,todo
can-cats-eat-hard-boiled-eggs,cats,Can cats eat hard boiled eggs?,high,todo
can-cats-eat-honey,cats,Can cats eat honey?,high,todo
can-cats-eat-honey-nut-cheerios,cats,Can cats eat honey nut cheerios?,high,todo
can-cats-eat-honeydew,cats,Can cats eat honeydew?,high,todo
can-cats-eat-human-tuna,cats,Can cats eat human tuna?,high,todo
can-cats-eat-ice-cream,cats,Can cats eat ice cream?,high,todo
can-cats-eat-lemongrass,cats,Can cats eat lemongrass?,high,todo
can-cats-eat-mac-and-cheese,cats,Can cats eat mac and cheese?,high,todo
can-cats-eat-mandarin-oranges,cats,Can cats eat mandarin oranges?,high,todo
can-cats-eat-mangos,cats,Can cats eat mangos?,high,todo
can-cats-eat-mashed-potatoes,cats,Can cats eat mashed potatoes?,high,todo
can-cats-eat-mayonnaise-with-tuna,cats,Can cats eat mayonnaise with tuna?,high,todo
can-cats-eat-milk,cats,Can cats eat milk?,high,todo
can-cats-eat-mozzarella-cheese,cats,Can cats eat mozzarella cheese?,high,todo
can-cats-eat-oatmeal,cats,Can cats eat oatmeal?,high,todo
can-cats-eat-onions,cats,Can cats eat onions?,high,todo
can-cats-eat-oranges,cats,Can cats eat oranges?,high,todo
can-cats-eat-parmesan-cheese,cats,Can cats eat parmesan cheese?,high,todo
can-cats-eat-peanut-butter,cats,Can cats eat peanut butter?,high,todo
can-cats-eat-peas,cats,Can cats eat peas?,high,todo
can-cats-eat-pineapples,cats,Can cats eat pineapples?,high,todo
can-cats-eat-pistachios,cats,Can cats eat pistachios?,high,done
can-cats-eat-popcorn,cats,Can cats eat popcorn?,high,todo
can-cats-eat-pork,cats,Can cats eat pork?,high,todo
can-cats-eat-pork-chops,cats,Can cats eat pork chops?,high,todo
can-cats-eat-pork-rinds,cats,Can cats eat pork rinds?,high,todo
can-cats-eat-potato,cats,Can cats eat potato?,high,todo
can-cats-eat-potato-chips,cats,Can cats eat potato chips?,high,todo
can-cats-eat-potatoes,cats,Can cats eat potatoes?,high,todo
can-cats-eat-pumpkin-pie,cats,Can cats eat pumpkin pie?,high,todo
can-cats-eat-pumpkin-puree,cats,Can cats eat pumpkin puree?,high,todo
can-cats-eat-pumpkin-seeds,cats,Can cats eat pumpkin seeds?,high,todo
can-cats-eat-pumpkins,cats,Can cats eat pumpkins?,high,todo
can-cats-eat-raisins,cats,Can cats eat raisins?,high,todo
can-cats-eat-raw-bacon,cats,Can cats eat raw bacon?,high,todo
can-cats-eat-raw-beef,cats,Can cats eat raw beef?,high,todo
can-cats-eat-raw-chicken,cats,Can cats eat raw chicken?,high,todo
can-cats-eat-raw-eggs,cats,Can cats eat raw eggs?,high,todo
can-cats-eat-raw-pork,cats,Can cats eat raw pork?,high,todo
can-cats-eat-raw-pumpkin,cats,Can cats eat raw pumpkin?,high,todo
can-cats-eat-raw-salmon,cats,Can cats eat raw salmon?,high,todo
can-cats-eat-raw-shrimp,cats,Can cats eat raw shrimp?,high,todo
can-cats-eat-raw-tuna,cats,Can cats eat raw tuna?,high,todo
can-cats-eat-rice,cats,Can cats eat rice?,high,todo
can-cats-eat-roast-beef,cats,Can cats eat roast beef?,high,todo
can-cats-eat-rotisserie-chicken,cats,Can cats eat rotisserie chicken?,high,todo
can-cats-eat-salmon,cats,Can cats eat salmon?,high,todo
can-cats-eat-salmon-skin,cats,Can cats eat salmon skin?,high,todo
can-cats-eat-scrambled-eggs,cats,Can cats eat scrambled eggs?,high,todo
can-cats-eat-shrimp,cats,Can cats eat shrimp?,high,todo
can-cats-eat-shrimp-tails,cats,Can cats eat shrimp tails?,high,todo
can-cats-eat-smoked-salmon,cats,Can cats eat smoked salmon?,high,todo
can-cats-eat-spinach,cats,Can cats eat spinach?,high,todo
can-cats-eat-starkist-tuna,cats,Can cats eat starkist tuna?,high,todo
can-cats-eat-strawberries,cats,Can cats eat strawberries?,high,todo
can-cats-eat-strawberry-leaves,cats,Can cats eat strawberry leaves?,high,todo
can-cats-eat-strawberry-yogurt,cats,Can cats eat strawberry yogurt?,high,todo
can-cats-eat-string-cheese,cats,Can cats eat string cheese?,high,todo
can-cats-eat-sweet-potato,cats,Can cats eat sweet potato?,high,todo
can-cats-eat-sweet-potatoes,cats,Can cats eat sweet potatoes?,high,todo
can-cats-eat-tomato-sauce,cats,Can cats eat tomato sauce?,high,todo
can-cats-eat-tomatoes,cats,Can cats eat tomatoes?,high,todo
can-cats-eat-tuna-fish,cats,Can cats eat tuna fish?,high,todo
can-cats-eat-tuna-from-a-can,cats,Can cats eat tuna from a can?,high,todo
can-cats-eat-tuna-in-oil,cats,Can cats eat tuna in oil?,high,todo
can-cats-eat-tuna-in-water,cats,Can cats eat tuna in water?,high,todo
can-cats-eat-turkey,cats,Can cats eat turkey?,high,todo
can-cats-eat-turkey-bacon,cats,Can cats eat turkey bacon?,high,todo
can-cats-eat-vanilla-ice-cream,cats,Can cats eat vanilla ice cream?,high,todo
can-cats-eat-walnuts,cats,Can cats eat walnuts?,high,merged:can-cats-eat-pistachios
can-cats-eat-watermelon,cats,Can cats eat watermelon?,high,todo
can-cats-eat-wet-dog-food,cats,Can cats eat wet dog food?,high,todo
can-cats-eat-wheatgrass,cats,Can cats eat wheatgrass?,high,todo
can-cats-eat-white-rice,cats,Can cats eat white rice?,high,todo
can-cats-eat-yogurt,cats,Can cats eat yogurt?,high,todo
can-ferrets-eat-cat-food,cats,Can ferrets eat cat food?,high,todo
can-hedgehogs-eat-cat-food,cats,Can hedgehogs eat cat food?,high,todo
what-can-cats-eat-besides-cat-food,cats,What can cats eat besides cat food?,high,todo
what-can-kittens-eat-besides-cat-food,cats,What can kittens eat besides cat food?,high,todo
can-dog-eat-glutinous-rice,dogs,Can dog eat glutinous rice?,high,todo
can-dog-eat-grass-jelly,dogs,Can dog eat grass jelly?,high,todo
can-dog-eat-pandan-bread,dogs,Can dog eat pandan bread?,high,todo
can-dogs-die-from-eating-cat-food,dogs,Can dogs die from eating cat food?,high,todo
can-dogs-eat-a-raw-egg,dogs,Can dogs eat a raw egg?,high,todo
can-dogs-eat-almond-milk,dogs,Can dogs eat almond milk?,high,todo
can-dogs-eat-american-cheese,dogs,Can dogs eat american cheese?,high,todo
can-dogs-eat-american-cheese-slices,dogs,Can dogs eat american cheese slices?,high,todo
can-dogs-eat-apple-chips,dogs,Can dogs eat apple chips?,high,todo
can-dogs-eat-apple-pie,dogs,Can dogs eat apple pie?,high,todo
can-dogs-eat-arbys-roast-beef,dogs,Can dogs eat arbys roast beef?,high,todo
can-dogs-eat-avocado,dogs,Can dogs eat avocado?,high,todo
can-dogs-eat-bacon,dogs,Can dogs eat bacon?,high,todo
can-dogs-eat-bacon-fat,dogs,Can dogs eat bacon fat?,high,todo
can-dogs-eat-baked-beans-in-tomato-sauce,dogs,Can dogs eat baked beans in tomato sauce?,high,todo
can-dogs-eat-baked-potato,dogs,Can dogs eat baked potato?,high,todo
can-dogs-eat-bbq-pork,dogs,Can dogs eat bbq pork?,high,todo
can-dogs-eat-bean-and-cheese-burritos,dogs,Can dogs eat bean and cheese burritos?,high,todo
can-dogs-eat-beans-and-cheese,dogs,Can dogs eat beans and cheese?,high,todo
can-dogs-eat-beef,dogs,Can dogs eat beef?,high,todo
can-dogs-eat-beef-broth,dogs,Can dogs eat beef broth?,high,todo
can-dogs-eat-beef-patties,dogs,Can dogs eat beef patties?,high,todo
can-dogs-eat-beef-stock,dogs,Can dogs eat beef stock?,high,todo
can-dogs-eat-beef-stock-cubes,dogs,Can dogs eat beef stock cubes?,high,todo
can-dogs-eat-black-eye-peas,dogs,Can dogs eat black eye peas?,high,todo
can-dogs-eat-black-eyed-peas,dogs,Can dogs eat black eyed peas?,high,todo
can-dogs-eat-black-eyed-peas-and-cabbage,dogs,Can dogs eat black eyed peas and cabbage?,high,todo
can-dogs-eat-black-rice,dogs,Can dogs eat black rice?,high,todo
can-dogs-eat-blue-cheese-dressing,dogs,Can dogs eat blue cheese dressing?,high,todo
can-dogs-eat-blueberry-muffin,dogs,Can dogs eat blueberry muffin?,high,todo
can-dogs-eat-blueberry-muffins,dogs,Can dogs eat blueberry muffins?,high,todo
can-dogs-eat-bread,dogs,Can dogs eat bread?,high,todo
can-dogs-eat-bread-crumbs,dogs,Can dogs eat bread crumbs?,high,todo
can-dogs-eat-breaded-fish,dogs,Can dogs eat breaded fish?,high,todo
can-dogs-eat-brioche-bread,dogs,Can dogs eat brioche bread?,high,todo
can-dogs-eat-brown-rice,dogs,Can dogs eat brown rice?,high,todo
can-dogs-eat-buttermilk-biscuits,dogs,Can dogs eat buttermilk biscuits?,high,todo
can-dogs-eat-can-tomatoes,dogs,Can dogs eat can tomatoes?,high,todo
can-dogs-eat-candy-corn,dogs,Can dogs eat candy corn?,high,todo
can-dogs-eat-canned-beef-stew,dogs,Can dogs eat canned beef stew?,high,todo
can-dogs-eat-canned-cat-food,dogs,Can dogs eat canned cat food?,high,todo
can-dogs-eat-canned-sweet-corn,dogs,Can dogs eat canned sweet corn?,high,todo
can-dogs-eat-cat-food,dogs,Can dogs eat cat food?,high,todo
can-dogs-eat-cat-food-dry,dogs,Can dogs eat cat food dry?,high,todo
can-dogs-eat-cat-grass,dogs,Can dogs eat cat grass?,high,todo
can-dogs-eat-cheddar-cheese,dogs,Can dogs eat cheddar cheese?,high,todo
can-dogs-eat-cheddar-cheese-pringles,dogs,Can dogs eat cheddar cheese pringles?,high,todo
can-dogs-eat-cheese,dogs,Can dogs eat cheese?,high,done
can-dogs-eat-cheese-crackers,dogs,Can dogs eat cheese crackers?,high,todo
can-dogs-eat-cheese-itz,dogs,Can dogs eat cheese itz?,high,todo
can-dogs-eat-cheese-rinds,dogs,Can dogs eat cheese rinds?,high,todo
can-dogs-eat-chick-peas,dogs,Can dogs eat chick peas?,high,todo
can-dogs-eat-chicken,dogs,Can dogs eat chicken?,high,todo
can-dogs-eat-chicken-bouillon,dogs,Can dogs eat chicken bouillon?,high,todo
can-dogs-eat-chicken-broth,dogs,Can dogs eat chicken broth?,high,todo
can-dogs-eat-chicken-broth-with-garlic,dogs,Can dogs eat chicken broth with garlic?,high,todo
can-dogs-eat-chicken-broth-with-onions,dogs,Can dogs eat chicken broth with onions?,high,todo
can-dogs-eat-chicken-fried-rice,dogs,Can dogs eat chicken fried rice?,high,todo
can-dogs-eat-chicken-nuggets,dogs,Can dogs eat chicken nuggets?,high,todo
can-dogs-eat-chicken-pot-pie,dogs,Can dogs eat chicken pot pie?,high,todo
can-dogs-eat-chicken-salad,dogs,Can dogs eat chicken salad?,high,todo
can-dogs-eat-chicken-stock,dogs,Can dogs eat chicken stock?,high,todo
can-dogs-eat-chickpeas,dogs,Can dogs eat chickpeas?,high,todo
can-dogs-eat-chickpeas-from-a-can,dogs,Can dogs eat chickpeas from a can?,high,todo
can-dogs-eat-chorizo-and-eggs,dogs,Can dogs eat chorizo and eggs?,high,todo
can-dogs-eat-cold-cooked-rice,dogs,Can dogs eat cold cooked rice?,high,todo
can-dogs-eat-cold-rice-from-the-fridge,dogs,Can dogs eat cold rice from the fridge?,high,todo
can-dogs-eat-cones-without-ice-cream,dogs,Can dogs eat cones without ice cream?,high,todo
can-dogs-eat-cooked-black-eyed-peas,dogs,Can dogs eat cooked black eyed peas?,high,todo
can-dogs-eat-cooked-bones-pork,dogs,Can dogs eat cooked bones pork?,high,todo
can-dogs-eat-cooked-chicken-necks,dogs,Can dogs eat cooked chicken necks?,high,todo
can-dogs-eat-cooked-chicken-necks-2,dogs,Can dogs eat cooked chicken necks 2?,high,todo
can-dogs-eat-cooked-corn,dogs,Can dogs eat cooked corn?,high,todo
can-dogs-eat-cooked-eggplant,dogs,Can dogs eat cooked eggplant?,high,todo
can-dogs-eat-cooked-ham,dogs,Can dogs eat cooked ham?,high,todo
can-dogs-eat-cooked-peas,dogs,Can dogs eat cooked peas?,high,todo
can-dogs-eat-cooked-pork,dogs,Can dogs eat cooked pork?,high,todo
can-dogs-eat-cooked-pork-meat,dogs,Can dogs eat cooked pork meat?,high,todo
can-dogs-eat-cooked-pork-shoulder-bones,dogs,Can dogs eat cooked pork shoulder bones?,high,todo
can-dogs-eat-cooked-rabbit-bones,dogs,Can dogs eat cooked rabbit bones?,high,todo
can-dogs-eat-cooked-tuna,dogs,Can dogs eat cooked tuna?,high,todo
can-dogs-eat-corn,dogs,Can dogs eat corn?,high,todo
can-dogs-eat-corn-bread,dogs,Can dogs eat corn bread?,high,todo
can-dogs-eat-corn-dogs,dogs,Can dogs eat corn dogs?,high,todo
can-dogs-eat-corn-grits,dogs,Can dogs eat corn grits?,high,todo
can-dogs-eat-corn-muffins,dogs,Can dogs eat corn muffins?,high,todo
can-dogs-eat-corn-nuts,dogs,Can dogs eat corn nuts?,high,todo
can-dogs-eat-corn-tortillas,dogs,Can dogs eat corn tortillas?,high,todo
can-dogs-eat-cornbeef,dogs,Can dogs eat cornbeef?,high,todo
can-dogs-eat-cornbread,dogs,Can dogs eat cornbread?,high,todo
can-dogs-eat-corned-beef,dogs,Can dogs eat corned beef?,high,todo
can-dogs-eat-creamed-corn,dogs,Can dogs eat creamed corn?,high,todo
can-dogs-eat-custard-apple,dogs,Can dogs eat custard apple?,high,todo
can-dogs-eat-custard-ice-cream,dogs,Can dogs eat custard ice cream?,high,todo
can-dogs-eat-deviled-eggs,dogs,Can dogs eat deviled eggs?,high,todo
can-dogs-eat-dry-cat-food,dogs,Can dogs eat dry cat food?,high,todo
can-dogs-eat-durian-ice-cream,dogs,Can dogs eat durian ice cream?,high,todo
can-dogs-eat-easy-cheese,dogs,Can dogs eat easy cheese?,high,todo
can-dogs-eat-edam-cheese,dogs,Can dogs eat edam cheese?,high,todo
can-dogs-eat-egg-custard,dogs,Can dogs eat egg custard?,high,todo
can-dogs-eat-egg-custard-tarts,dogs,Can dogs eat egg custard tarts?,high,todo
can-dogs-eat-egg-rolls,dogs,Can dogs eat egg rolls?,high,todo
can-dogs-eat-egg-salad,dogs,Can dogs eat egg salad?,high,todo
can-dogs-eat-eggplant-cooked,dogs,Can dogs eat eggplant cooked?,high,todo
can-dogs-eat-expired-raw-chicken,dogs,Can dogs eat expired raw chicken?,high,todo
can-dogs-eat-flavored-yogurt,dogs,Can dogs eat flavored yogurt?,high,todo
can-dogs-eat-food-with-garlic,dogs,Can dogs eat food with garlic?,high,todo
can-dogs-eat-food-with-tomato-sauce,dogs,Can dogs eat food with tomato sauce?,high,todo
can-dogs-eat-french-bread,dogs,Can dogs eat french bread?,high,todo
can-dogs-eat-fresh-corned-beef,dogs,Can dogs eat fresh corned beef?,high,todo
can-dogs-eat-fried-chicken,dogs,Can dogs eat fried chicken?,high,todo
can-dogs-eat-frozen-chicken-drumsticks,dogs,Can dogs eat frozen chicken drumsticks?,high,todo
can-dogs-eat-frozen-chicken-wings,dogs,Can dogs eat frozen chicken wings?,high,todo
can-dogs-eat-frozen-corn,dogs,Can dogs eat frozen corn?,high,todo
can-dogs-eat-garlic,dogs,Can dogs eat garlic?,high,todo
can-dogs-eat-garlic-bread,dogs,Can dogs eat garlic bread?,high,todo
can-dogs-eat-garlic-in-food,dogs,Can dogs eat garlic in food?,high,todo
can-dogs-eat-goat-cheese,dogs,Can dogs eat goat cheese?,high,todo
can-dogs-eat-grain-bread,dogs,Can dogs eat grain bread?,high,todo
can-dogs-eat-granny-smith-apples,dogs,Can dogs eat granny smith apples?,high,todo
can-dogs-eat-grape-seed-oil,dogs,Can dogs eat grape seed oil?,high,todo
can-dogs-eat-green-beans,dogs,Can dogs eat green beans?,high,todo
can-dogs-eat-green-tea-ice-cream,dogs,Can dogs eat green tea ice cream?,high,todo
can-dogs-eat-ham,dogs,Can dogs eat ham?,high,todo
can-dogs-eat-ham-bone,dogs,Can dogs eat ham bone?,high,todo
can-dogs-eat-ham-fat,dogs,Can dogs eat ham fat?,high,todo
can-dogs-eat-ham-hock-bones,dogs,Can dogs eat ham hock bones?,high,todo
can-dogs-eat-ham-hocks,dogs,Can dogs eat ham hocks?,high,todo
can-dogs-eat-hamburger,dogs,Can dogs eat hamburger?,high,todo
can-dogs-eat-hamster-treats,dogs,Can dogs eat hamster treats?,high,todo
can-dogs-eat-honey-bunches-of-oats,dogs,Can dogs eat honey bunches of oats?,high,todo
can-dogs-eat-honey-dew,dogs,Can dogs eat honey dew?,high,todo
can-dogs-eat-honey-wheat-pretzels,dogs,Can dogs eat honey wheat pretzels?,high,todo
can-dogs-eat-honeycomb,dogs,Can dogs eat honeycomb?,high,todo
can-dogs-eat-honeydew-melon-skin,dogs,Can dogs eat honeydew melon skin?,high,todo
can-dogs-eat-ice-cream-cones,dogs,Can dogs eat ice cream cones?,high,todo
can-dogs-eat-knuckle-bones,dogs,Can dogs eat knuckle bones?,high,todo
can-dogs-eat-kraft-cheese,dogs,Can dogs eat kraft cheese?,high,todo
can-dogs-eat-lactose-free-milk,dogs,Can dogs eat lactose free milk?,high,todo
can-dogs-eat-lemon-grass,dogs,Can dogs eat lemon grass?,high,todo
can-dogs-eat-lemongrass,dogs,Can dogs eat lemongrass?,high,todo
can-dogs-eat-lettuce-and-tomatoes,dogs,Can dogs eat lettuce and tomatoes?,high,todo
can-dogs-eat-licorice,dogs,Can dogs eat licorice?,high,todo
can-dogs-eat-macaroni-and-cheese,dogs,Can dogs eat macaroni and cheese?,high,todo
can-dogs-eat-macaroni-cheese,dogs,Can dogs eat macaroni cheese?,high,todo
can-dogs-eat-marrowfat-peas,dogs,Can dogs eat marrowfat peas?,high,todo
can-dogs-eat-mozzarella-cheese,dogs,Can dogs eat mozzarella cheese?,high,todo
can-dogs-eat-multigrain-bread,dogs,Can dogs eat multigrain bread?,high,todo
can-dogs-eat-naan-bread,dogs,Can dogs eat naan bread?,high,todo
can-dogs-eat-natural-peanut-butter,dogs,Can dogs eat natural peanut butter?,high,todo
can-dogs-eat-onions,dogs,Can dogs eat onions?,high,todo
can-dogs-eat-onions-and-tomatoes,dogs,Can dogs eat onions and tomatoes?,high,todo
can-dogs-eat-onions-safely,dogs,Can dogs eat onions safely?,high,todo
can-dogs-eat-panda-express-orange-chicken,dogs,Can dogs eat panda express orange chicken?,high,todo
can-dogs-eat-parmesan-cheese,dogs,Can dogs eat parmesan cheese?,high,todo
can-dogs-eat-peas-cooked,dogs,Can dogs eat peas cooked?,high,todo
can-dogs-eat-peas-safely,dogs,Can dogs eat peas safely?,high,todo
can-dogs-eat-pepper-jack-cheese,dogs,Can dogs eat pepper jack cheese?,high,todo
can-dogs-eat-pig-bones,dogs,Can dogs eat pig bones?,high,todo
can-dogs-eat-pilchards-in-tomato-sauce,dogs,Can dogs eat pilchards in tomato sauce?,high,todo
can-dogs-eat-pinto-beans-and-rice,dogs,Can dogs eat pinto beans and rice?,high,todo
can-dogs-eat-pistachio-ice-cream,dogs,Can dogs eat pistachio ice cream?,high,todo
can-dogs-eat-pistachio-pudding,dogs,Can dogs eat pistachio pudding?,high,todo
can-dogs-eat-pita-bread,dogs,Can dogs eat pita bread?,high,todo
can-dogs-eat-plain-rice,dogs,Can dogs eat plain rice?,high,todo
can-dogs-eat-plain-rice-cakes,dogs,Can dogs eat plain rice cakes?,high,todo
can-dogs-eat-plain-white-rice,dogs,Can dogs eat plain white rice?,high,todo
can-dogs-eat-pomegranate-yogurt,dogs,Can dogs eat pomegranate yogurt?,high,todo
can-dogs-eat-pork,dogs,Can dogs eat pork?,high,todo
can-dogs-eat-pork-and-beans,dogs,Can dogs eat pork and beans?,high,todo
can-dogs-eat-pork-cooked,dogs,Can dogs eat pork cooked?,high,todo
can-dogs-eat-pork-liver,dogs,Can dogs eat pork liver?,high,todo
can-dogs-eat-pork-meat,dogs,Can dogs eat pork meat?,high,todo
can-dogs-eat-potato,dogs,Can dogs eat potato?,high,todo
can-dogs-eat-potato-chips,dogs,Can dogs eat potato chips?,high,todo
can-dogs-eat-potato-salad,dogs,Can dogs eat potato salad?,high,todo
can-dogs-eat-potatoe,dogs,Can dogs eat potatoe?,high,todo
can-dogs-eat-potatoe-chips,dogs,Can dogs eat potatoe chips?,high,todo
can-dogs-eat-processed-cheese,dogs,Can dogs eat processed cheese?,high,todo
can-dogs-eat-pulled-pork,dogs,Can dogs eat pulled pork?,high,todo
can-dogs-eat-pumpkin-muffins,dogs,Can dogs eat pumpkin muffins?,high,todo
can-dogs-eat-quorn-ham,dogs,Can dogs eat quorn ham?,high,todo
can-dogs-eat-rabbit-bones,dogs,Can dogs eat rabbit bones?,high,todo
can-dogs-eat-raw-egg,dogs,Can dogs eat raw egg?,high,todo
can-dogs-eat-raw-eggs,dogs,Can dogs eat raw eggs?,high,todo
can-dogs-eat-raw-ham,dogs,Can dogs eat raw ham?,high,todo
can-dogs-eat-raw-ham-2,dogs,Can dogs eat raw ham 2?,high,todo
can-dogs-eat-raw-peas,dogs,Can dogs eat raw peas?,high,todo
can-dogs-eat-raw-peas-2,dogs,Can dogs eat raw peas 2?,high,todo
can-dogs-eat-raw-pork,dogs,Can dogs eat raw pork?,high,todo
can-dogs-eat-red-onion,dogs,Can dogs eat red onion?,high,todo
can-dogs-eat-red-onion-2,dogs,Can dogs eat red onion 2?,high,todo
can-dogs-eat-red-rice,dogs,Can dogs eat red rice?,high,todo
can-dogs-eat-red-rice-2,dogs,Can dogs eat red rice 2?,high,todo
can-dogs-eat-rice,dogs,Can dogs eat rice?,high,todo
can-dogs-eat-rice-cake,dogs,Can dogs eat rice cake?,high,todo
can-dogs-eat-rice-cake-2,dogs,Can dogs eat rice cake 2?,high,todo
can-dogs-eat-rice-cakes,dogs,Can dogs eat rice cakes?,high,todo
can-dogs-eat-rice-crackers,dogs,Can dogs eat rice crackers?,high,todo
can-dogs-eat-rice-crackers-2,dogs,Can dogs eat rice crackers 2?,high,todo
can-dogs-eat-ricotta-cheese,dogs,Can dogs eat ricotta cheese?,high,todo
can-dogs-eat-rose-apples,dogs,Can dogs eat rose apples?,high,todo
can-dogs-eat-saffron-rice,dogs,Can dogs eat saffron rice?,high,todo
can-dogs-eat-scalloped-potatoes,dogs,Can dogs eat scalloped potatoes?,high,todo
can-dogs-eat-shortbread,dogs,Can dogs eat shortbread?,high,todo
can-dogs-eat-sliced-cheese,dogs,Can dogs eat sliced cheese?,high,todo
can-dogs-eat-slow-cooked-bones,dogs,Can dogs eat slow cooked bones?,high,todo
can-dogs-eat-smoked-ham,dogs,Can dogs eat smoked ham?,high,todo
can-dogs-eat-smoked-ham-hocks,dogs,Can dogs eat smoked ham hocks?,high,todo
can-dogs-eat-snap-peas,dogs,Can dogs eat snap peas?,high,todo
can-dogs-eat-snow-peas,dogs,Can dogs eat snow peas?,high,todo
can-dogs-eat-strawberry,dogs,Can dogs eat strawberry?,high,todo
can-dogs-eat-strawberry-jam,dogs,Can dogs eat strawberry jam?,high,todo
can-dogs-eat-strawberry-jelly,dogs,Can dogs eat strawberry jelly?,high,todo
can-dogs-eat-sugar-snap-peas,dogs,Can dogs eat sugar snap peas?,high,todo
can-dogs-eat-sun-dried-tomatoes,dogs,Can dogs eat sun dried tomatoes?,high,todo
can-dogs-eat-sushi-rice,dogs,Can dogs eat sushi rice?,high,todo
can-dogs-eat-sweet-corn,dogs,Can dogs eat sweet corn?,high,todo
can-dogs-eat-sweetcorn,dogs,Can dogs eat sweetcorn?,high,todo
can-dogs-eat-swiss-cheese,dogs,Can dogs eat swiss cheese?,high,todo
can-dogs-eat-teriyaki-chicken,dogs,Can dogs eat teriyaki chicken?,high,todo
can-dogs-eat-toast-bread,dogs,Can dogs eat toast bread?,high,todo
can-dogs-eat-toasted-bread,dogs,Can dogs eat toasted bread?,high,todo
can-dogs-eat-tomato,dogs,Can dogs eat tomato?,high,todo
can-dogs-eat-tomato-paste,dogs,Can dogs eat tomato paste?,high,todo
can-dogs-eat-tomato-sauce,dogs,Can dogs eat tomato sauce?,high,todo
can-dogs-eat-tortillas-corn,dogs,Can dogs eat tortillas corn?,high,todo
can-dogs-eat-tuna,dogs,Can dogs eat tuna?,high,todo
can-dogs-eat-walnut,dogs,Can dogs eat walnut?,high,todo
can-dogs-eat-walnut-oil,dogs,Can dogs eat walnut oil?,high,todo
can-dogs-eat-wet-cat-food,dogs,Can dogs eat wet cat food?,high,todo
can-dogs-eat-whole-grain-bread,dogs,Can dogs eat whole grain bread?,high,todo
can-dogs-eat-wild-rice,dogs,Can dogs eat wild rice?,high,todo
can-dogs-eat-wine-gums,dogs,Can dogs eat wine gums?,high,todo
can-dogs-eat-yellow-saffron-rice,dogs,Can dogs eat yellow saffron rice?,high,todo
can-dogs-eat-yogurt-melts,dogs,Can dogs eat yogurt melts?,high,todo
can-dogs-have-black-eyed-peas,dogs,Can dogs have black eyed peas?,high,todo
can-dogs-have-chicken-bouillon,dogs,Can dogs have chicken bouillon?,high,todo
can-dogs-have-rice-cakes,dogs,Can dogs have rice cakes?,high,todo
can-my-dog-eat-potato-salad,dogs,Can my dog eat potato salad?,high,todo
can-puppies-eat-cat-food,dogs,Can puppies eat cat food?,high,todo
what-cheese-can-dogs-eat,dogs,What cheese can dogs eat?,high,todo
what-kind-of-rice-can-dogs-eat,dogs,What kind of rice can dogs eat?,high,todo
what-peanut-butter-can-dogs-eat,dogs,What peanut butter can dogs eat?,high,todo
what-rice-can-dogs-eat,dogs,What rice can dogs eat?,high,todo
can-cats-die-from-eating-a-poisoned-rat,cats,Can cats die from eating a poisoned rat?,normal,todo
can-cats-eat-aloe,cats,Can cats eat aloe?,normal,todo
can-cats-eat-aloe-plants,cats,Can cats eat aloe plants?,normal,todo
can-cats-eat-anchovies,cats,Can cats eat anchovies?,normal,todo
can-cats-eat-ants,cats,Can cats eat ants?,normal,todo
can-cats-eat-arugula,cats,Can cats eat arugula?,normal,todo
can-cats-eat-asparagus,cats,Can cats eat asparagus?,normal,todo
can-cats-eat-bamboo,cats,Can cats eat bamboo?,normal,todo
can-cats-eat-basil,cats,Can cats eat basil?,normal,todo
can-cats-eat-beans,cats,Can cats eat beans?,normal,todo
can-cats-eat-beets,cats,Can cats eat beets?,normal,todo
can-cats-eat-bell-peppers,cats,Can cats eat bell peppers?,normal,todo
can-cats-eat-berries,cats,Can cats eat berries?,normal,todo
can-cats-eat-biscuits,cats,Can cats eat biscuits?,normal,todo
can-cats-eat-black-beans,cats,Can cats eat black beans?,normal,todo
can-cats-eat-black-olives,cats,Can cats eat black olives?,normal,todo
can-cats-eat-black-pepper,cats,Can cats eat black pepper?,normal,todo
can-cats-eat-blackberries,cats,Can cats eat blackberries?,normal,todo
can-cats-eat-bologna,cats,Can cats eat bologna?,normal,todo
can-cats-eat-brussel-sprouts,cats,Can cats eat brussel sprouts?,normal,todo
can-cats-eat-bugs,cats,Can cats eat bugs?,normal,todo
can-cats-eat-butter,cats,Can cats eat butter?,normal,todo
can-cats-eat-butternut-squash,cats,Can cats eat butternut squash?,normal,todo
can-cats-eat-cabbage,cats,Can cats eat cabbage?,normal,todo
can-cats-eat-cake,cats,Can cats eat cake?,normal,todo
can-cats-eat-canned-sardines,cats,Can cats eat canned sardines?,normal,todo
can-cats-eat-cantaloupe,cats,Can cats eat cantaloupe?,normal,todo
can-cats-eat-caramel,cats,Can cats eat caramel?,normal,todo
can-cats-eat-cardboard,cats,Can cats eat cardboard?,normal,todo
can-cats-eat-cauliflower,cats,Can cats eat cauliflower?,normal,todo
can-cats-eat-celery,cats,Can cats eat celery?,normal,todo
can-cats-eat-centipedes,cats,Can cats eat centipedes?,normal,todo
can-cats-eat-cereal,cats,Can cats eat cereal?,normal,todo
can-cats-eat-cheerios,cats,Can cats eat cheerios?,normal,todo
can-cats-eat-cheetos,cats,Can cats eat cheetos?,normal,todo
can-cats-eat-cheez-its,cats,Can cats eat cheez its?,normal,todo
can-cats-eat-cherries,cats,Can cats eat cherries?,normal,todo
can-cats-eat-chestnuts,cats,Can cats eat chestnuts?,normal,todo
can-cats-eat-chia-seeds,cats,Can cats eat chia seeds?,normal,todo
can-cats-eat-chips,cats,Can cats eat chips?,normal,todo
can-cats-eat-chives,cats,Can cats eat chives?,normal,todo
can-cats-eat-christmas-trees,cats,Can cats eat christmas trees?,normal,todo
can-cats-eat-cilantro,cats,Can cats eat cilantro?,normal,todo
can-cats-eat-cinnamon,cats,Can cats eat cinnamon?,normal,todo
can-cats-eat-clams,cats,Can cats eat clams?,normal,todo
can-cats-eat-cockroaches,cats,Can cats eat cockroaches?,normal,todo
can-cats-eat-coconut,cats,Can cats eat coconut?,normal,todo
can-cats-eat-coconut-oil,cats,Can cats eat coconut oil?,normal,todo
can-cats-eat-cooked-fish,cats,Can cats eat cooked fish?,normal,todo
can-cats-eat-cookies,cats,Can cats eat cookies?,normal,todo
can-cats-eat-cotton-candy,cats,Can cats eat cotton candy?,normal,todo
can-cats-eat-crab,cats,Can cats eat crab?,normal,todo
can-cats-eat-crackers,cats,Can cats eat crackers?,normal,todo
can-cats-eat-cranberries,cats,Can cats eat cranberries?,normal,todo
can-cats-eat-crickets,cats,Can cats eat crickets?,normal,todo
can-cats-eat-croissants,cats,Can cats eat croissants?,normal,todo
can-cats-eat-dandelions,cats,Can cats eat dandelions?,normal,todo
can-cats-eat-dates,cats,Can cats eat dates?,normal,todo
can-cats-eat-deli-meat,cats,Can cats eat deli meat?,normal,todo
can-cats-eat-dill,cats,Can cats eat dill?,normal,todo
can-cats-eat-dog-treats,cats,Can cats eat dog treats?,normal,todo
can-cats-eat-donuts,cats,Can cats eat donuts?,normal,todo
can-cats-eat-doritos,cats,Can cats eat doritos?,normal,todo
can-cats-eat-dragon-fruit,cats,Can cats eat dragon fruit?,normal,todo
can-cats-eat-edamame,cats,Can cats eat edamame?,normal,todo
can-cats-eat-figs,cats,Can cats eat figs?,normal,todo
can-cats-eat-fish,cats,Can cats eat fish?,normal,todo
can-cats-eat-flies,cats,Can cats eat flies?,normal,todo
can-cats-eat-flowers,cats,Can cats eat flowers?,normal,todo
can-cats-eat-french-fries,cats,Can cats eat french fries?,normal,todo
can-cats-eat-fries,cats,Can cats eat fries?,normal,todo
can-cats-eat-fruits,cats,Can cats eat fruits?,normal,todo
can-cats-eat-ginger,cats,Can cats eat ginger?,normal,todo
can-cats-eat-goldfish,cats,Can cats eat goldfish?,normal,todo
can-cats-eat-goldfish-crackers,cats,Can cats eat goldfish crackers?,normal,todo
can-cats-eat-granola,cats,Can cats eat granola?,normal,todo
can-cats-eat-grits,cats,Can cats eat grits?,normal,todo
can-cats-eat-guacamole,cats,Can cats eat guacamole?,normal,todo
can-cats-eat-guava,cats,Can cats eat guava?,normal,todo
can-cats-eat-gummy-bears,cats,Can cats eat gummy bears?,normal,todo
can-cats-eat-hot-cheetos,cats,Can cats eat hot cheetos?,normal,todo
can-cats-eat-hot-dogs,cats,Can cats eat hot dogs?,normal,todo
can-cats-eat-human-food,cats,Can cats eat human food?,normal,todo
can-cats-eat-hummus,cats,Can cats eat hummus?,normal,merged:can-cats-eat-chickpeas
can-cats-eat-imitation-crab,cats,Can cats eat imitation crab?,normal,todo
can-cats-eat-jalapenos,cats,Can cats eat jalapenos?,normal,todo
can-cats-eat-jello,cats,Can cats eat jello?,normal,todo
can-cats-eat-kale,cats,Can cats eat kale?,normal,todo
can-cats-eat-ketchup,cats,Can cats eat ketchup?,normal,todo
can-cats-eat-kitten-food,cats,Can cats eat kitten food?,normal,todo
can-cats-eat-kiwi,cats,Can cats eat kiwi?,normal,todo
can-cats-eat-korean-pears,cats,Can cats eat korean pears?,normal,todo
can-cats-eat-ladybugs,cats,Can cats eat ladybugs?,normal,todo
can-cats-eat-lamb,cats,Can cats eat lamb?,normal,todo
can-cats-eat-lasagna,cats,Can cats eat lasagna?,normal,todo
can-cats-eat-lavender,cats,Can cats eat lavender?,normal,todo
can-cats-eat-leeks,cats,Can cats eat leeks?,normal,todo
can-cats-eat-lemon,cats,Can cats eat lemon?,normal,todo
can-cats-eat-lentils,cats,Can cats eat lentils?,normal,todo
can-cats-eat-lime,cats,Can cats eat lime?,normal,todo
can-cats-eat-liver,cats,Can cats eat liver?,normal,todo
can-cats-eat-lizards,cats,Can cats eat lizards?,normal,todo
can-cats-eat-lobster,cats,Can cats eat lobster?,normal,todo
can-cats-eat-lunch-meat,cats,Can cats eat lunch meat?,normal,todo
can-cats-eat-marshmallows,cats,Can cats eat marshmallows?,normal,todo
can-cats-eat-mayonnaise,cats,Can cats eat mayonnaise?,normal,todo
can-cats-eat-melon,cats,Can cats eat melon?,normal,todo
can-cats-eat-mice,cats,Can cats eat mice?,normal,todo
can-cats-eat-mint,cats,Can cats eat mint?,normal,todo
can-cats-eat-moths,cats,Can cats eat moths?,normal,todo
can-cats-eat-mushrooms,cats,Can cats eat mushrooms?,normal,todo
can-cats-eat-mustard,cats,Can cats eat mustard?,normal,todo
can-cats-eat-nectarines,cats,Can cats eat nectarines?,normal,todo
can-cats-eat-noodles,cats,Can cats eat noodles?,normal,todo
can-cats-eat-nuts,cats,Can cats eat nuts?,normal,todo
can-cats-eat-oats,cats,Can cats eat oats?,normal,todo
can-cats-eat-olive-oil,cats,Can cats eat olive oil?,normal,todo
can-cats-eat-olives,cats,Can cats eat olives?,normal,todo
can-cats-eat-olives-with-pimentos,cats,Can cats eat olives with pimentos?,normal,todo
can-cats-eat-oregano,cats,Can cats eat oregano?,normal,todo
can-cats-eat-oreos,cats,Can cats eat oreos?,normal,todo
can-cats-eat-oysters,cats,Can cats eat oysters?,normal,todo
can-cats-eat-pancakes,cats,Can cats eat pancakes?,normal,todo
can-cats-eat-papaya,cats,Can cats eat papaya?,normal,todo
can-cats-eat-parsley,cats,Can cats eat parsley?,normal,todo
can-cats-eat-pasta,cats,Can cats eat pasta?,normal,todo
can-cats-eat-peach,cats,Can cats eat peach?,normal,todo
can-cats-eat-peaches,cats,Can cats eat peaches?,normal,todo
can-cats-eat-peanuts,cats,Can cats eat peanuts?,normal,todo
can-cats-eat-pears,cats,Can cats eat pears?,normal,todo
can-cats-eat-pecans,cats,Can cats eat pecans?,normal,todo
can-cats-eat-people-food,cats,Can cats eat people food?,normal,todo
can-cats-eat-pepper,cats,Can cats eat pepper?,normal,todo
can-cats-eat-pepperoni,cats,Can cats eat pepperoni?,normal,todo
can-cats-eat-peppers,cats,Can cats eat peppers?,normal,todo
can-cats-eat-pickles,cats,Can cats eat pickles?,normal,todo
can-cats-eat-pizza,cats,Can cats eat pizza?,normal,todo
can-cats-eat-pizza-crust,cats,Can cats eat pizza crust?,normal,todo
can-cats-eat-plums,cats,Can cats eat plums?,normal,todo
can-cats-eat-pomegranate,cats,Can cats eat pomegranate?,normal,todo
can-cats-eat-poppy-seeds,cats,Can cats eat poppy seeds?,normal,todo
can-cats-eat-pretzels,cats,Can cats eat pretzels?,normal,todo
can-cats-eat-prosciutto,cats,Can cats eat prosciutto?,normal,todo
can-cats-eat-quinoa,cats,Can cats eat quinoa?,normal,todo
can-cats-eat-ranch,cats,Can cats eat ranch?,normal,todo
can-cats-eat-raspberries,cats,Can cats eat raspberries?,normal,todo
can-cats-eat-raspberry,cats,Can cats eat raspberry?,normal,todo
can-cats-eat-raw-fish,cats,Can cats eat raw fish?,normal,todo
can-cats-eat-raw-meat,cats,Can cats eat raw meat?,normal,todo
can-cats-eat-raw-steak,cats,Can cats eat raw steak?,normal,todo
can-cats-eat-refried-beans,cats,Can cats eat refried beans?,normal,todo
can-cats-eat-roaches,cats,Can cats eat roaches?,normal,todo
can-cats-eat-romaine-lettuce,cats,Can cats eat romaine lettuce?,normal,todo
can-cats-eat-rose-petals,cats,Can cats eat rose petals?,normal,todo
can-cats-eat-rosemary,cats,Can cats eat rosemary?,normal,todo
can-cats-eat-roses,cats,Can cats eat roses?,normal,todo
can-cats-eat-salami,cats,Can cats eat salami?,normal,todo
can-cats-eat-salt,cats,Can cats eat salt?,normal,todo
can-cats-eat-sardines,cats,Can cats eat sardines?,normal,todo
can-cats-eat-sardines-in-olive-oil,cats,Can cats eat sardines in olive oil?,normal,todo
can-cats-eat-sausage,cats,Can cats eat sausage?,normal,todo
can-cats-eat-seaweed,cats,Can cats eat seaweed?,normal,todo
can-cats-eat-slim-jims,cats,Can cats eat slim jims?,normal,todo
can-cats-eat-sour-cream,cats,Can cats eat sour cream?,normal,todo
can-cats-eat-spaghetti,cats,Can cats eat spaghetti?,normal,todo
can-cats-eat-spam,cats,Can cats eat spam?,normal,todo
can-cats-eat-spicy-food,cats,Can cats eat spicy food?,normal,todo
can-cats-eat-spider-plants,cats,Can cats eat spider plants?,normal,todo
can-cats-eat-spiders,cats,Can cats eat spiders?,normal,todo
can-cats-eat-squash,cats,Can cats eat squash?,normal,todo
can-cats-eat-steak,cats,Can cats eat steak?,normal,todo
can-cats-eat-stink-bugs,cats,Can cats eat stink bugs?,normal,todo
can-cats-eat-sugar,cats,Can cats eat sugar?,normal,todo
can-cats-eat-sunflower-seeds,cats,Can cats eat sunflower seeds?,normal,todo
can-cats-eat-sushi,cats,Can cats eat sushi?,normal,todo
can-cats-eat-thyme,cats,Can cats eat thyme?,normal,todo
can-cats-eat-tilapia,cats,Can cats eat tilapia?,normal,todo
can-cats-eat-tofu,cats,Can cats eat tofu?,normal,todo
can-cats-eat-tortilla-chips,cats,Can cats eat tortilla chips?,normal,todo
can-cats-eat-tortillas,cats,Can cats eat tortillas?,normal,todo
can-cats-eat-tulips,cats,Can cats eat tulips?,normal,todo
can-cats-eat-vegetables,cats,Can cats eat vegetables?,normal,todo
can-cats-eat-vienna-sausages,cats,Can cats eat vienna sausages?,normal,todo
can-cats-eat-whip-cream,cats,Can cats eat whip cream?,normal,todo
can-cats-eat-whipped-cream,cats,Can cats eat whipped cream?,normal,todo
can-cats-eat-zucchini,cats,Can cats eat zucchini?,normal,todo
how-long-can-a-cat-go-without-eating,cats,How long can a cat go without eating?,normal,todo
how-long-can-cats-go-without-eating,cats,How long can cats go without eating?,normal,todo
what-can-cats-eat-and-not-eat,cats,What can cats eat and not eat?,normal,todo
what-can-cats-eat-from-the-fridge,cats,What can cats eat from the fridge?,normal,todo
can-a-dog-eat-a-fortune-cookie,dogs,Can a dog eat a fortune cookie?,normal,todo
can-a-dog-eat-biscuits,dogs,Can a dog eat biscuits?,normal,todo
can-a-dog-eat-scallops,dogs,Can a dog eat scallops?,normal,todo
can-a-dog-eat-vanilla-wafers,dogs,Can a dog eat vanilla wafers?,normal,todo
can-a-dog-get-sick-from-eating-a-squirrel,dogs,Can a dog get sick from eating a squirrel?,normal,todo
can-a-dog-get-sick-from-eating-chalk,dogs,Can a dog get sick from eating chalk?,normal,todo
can-dog-eat-brisket,dogs,Can dog eat brisket?,normal,todo
can-dog-eat-lotus,dogs,Can dog eat lotus?,normal,todo
can-dog-eat-mochi,dogs,Can dog eat mochi?,normal,todo
can-dogs-eat-a-hot-dog,dogs,Can dogs eat a hot dog?,normal,todo
can-dogs-eat-airheads,dogs,Can dogs eat airheads?,normal,todo
can-dogs-eat-alfalfa,dogs,Can dogs eat alfalfa?,normal,todo
can-dogs-eat-alfalfa-sprouts,dogs,Can dogs eat alfalfa sprouts?,normal,todo
can-dogs-eat-altoids,dogs,Can dogs eat altoids?,normal,todo
can-dogs-eat-anchovies,dogs,Can dogs eat anchovies?,normal,todo
can-dogs-eat-anchovies-in-olive-oil,dogs,Can dogs eat anchovies in olive oil?,normal,todo
can-dogs-eat-apricot,dogs,Can dogs eat apricot?,normal,todo
can-dogs-eat-arugula,dogs,Can dogs eat arugula?,normal,todo
can-dogs-eat-asparagas,dogs,Can dogs eat asparagas?,normal,todo
can-dogs-eat-avacado,dogs,Can dogs eat avacado?,normal,todo
can-dogs-eat-avacodo,dogs,Can dogs eat avacodo?,normal,todo
can-dogs-eat-bagels,dogs,Can dogs eat bagels?,normal,todo
can-dogs-eat-baking-powder,dogs,Can dogs eat baking powder?,normal,todo
can-dogs-eat-baking-soda,dogs,Can dogs eat baking soda?,normal,todo
can-dogs-eat-balsamic-vinegar,dogs,Can dogs eat balsamic vinegar?,normal,todo
can-dogs-eat-barbecue,dogs,Can dogs eat barbecue?,normal,todo
can-dogs-eat-barbecue-chips,dogs,Can dogs eat barbecue chips?,normal,todo
can-dogs-eat-barbecue-sauce,dogs,Can dogs eat barbecue sauce?,normal,todo
can-dogs-eat-barbeque,dogs,Can dogs eat barbeque?,normal,todo
can-dogs-eat-barbeque-sauce,dogs,Can dogs eat barbeque sauce?,normal,todo
can-dogs-eat-battered-fish,dogs,Can dogs eat battered fish?,normal,todo
can-dogs-eat-bay-leaf,dogs,Can dogs eat bay leaf?,normal,todo
can-dogs-eat-bay-leaves,dogs,Can dogs eat bay leaves?,normal,todo
can-dogs-eat-bbq,dogs,Can dogs eat bbq?,normal,todo
can-dogs-eat-bbq-sauce,dogs,Can dogs eat bbq sauce?,normal,todo
can-dogs-eat-bean,dogs,Can dogs eat bean?,normal,todo
can-dogs-eat-bean-burritos,dogs,Can dogs eat bean burritos?,normal,todo
can-dogs-eat-bean-sprout,dogs,Can dogs eat bean sprout?,normal,todo
can-dogs-eat-bean-sprouts,dogs,Can dogs eat bean sprouts?,normal,todo
can-dogs-eat-beetroot,dogs,Can dogs eat beetroot?,normal,todo
can-dogs-eat-beyond-meat-burgers,dogs,Can dogs eat beyond meat burgers?,normal,todo
can-dogs-eat-biscuits,dogs,Can dogs eat biscuits?,normal,todo
can-dogs-eat-blackbeans,dogs,Can dogs eat blackbeans?,normal,todo
can-dogs-eat-blackberry,dogs,Can dogs eat blackberry?,normal,todo
can-dogs-eat-bok-choy,dogs,Can dogs eat bok choy?,normal,todo
can-dogs-eat-bologna,dogs,Can dogs eat bologna?,normal,todo
can-dogs-eat-bolognese,dogs,Can dogs eat bolognese?,normal,todo
can-dogs-eat-bottle-gourd,dogs,Can dogs eat bottle gourd?,normal,todo
can-dogs-eat-boxelder-bugs,dogs,Can dogs eat boxelder bugs?,normal,todo
can-dogs-eat-bran-flakes,dogs,Can dogs eat bran flakes?,normal,todo
can-dogs-eat-branston-pickle,dogs,Can dogs eat branston pickle?,normal,todo
can-dogs-eat-bratwurst,dogs,Can dogs eat bratwurst?,normal,todo
can-dogs-eat-breas,dogs,Can dogs eat breas?,normal,todo
can-dogs-eat-breath-mints,dogs,Can dogs eat breath mints?,normal,todo
can-dogs-eat-brown-sugar,dogs,Can dogs eat brown sugar?,normal,todo
can-dogs-eat-brussel-sprouts-cooked,dogs,Can dogs eat brussel sprouts cooked?,normal,todo
can-dogs-eat-brussels-pate,dogs,Can dogs eat brussels pate?,normal,todo
can-dogs-eat-bubbles,dogs,Can dogs eat bubbles?,normal,todo
can-dogs-eat-buckthorn-berries,dogs,Can dogs eat buckthorn berries?,normal,todo
can-dogs-eat-burger-meat,dogs,Can dogs eat burger meat?,normal,todo
can-dogs-eat-burger-patties,dogs,Can dogs eat burger patties?,normal,todo
can-dogs-eat-burgers,dogs,Can dogs eat burgers?,normal,todo
can-dogs-eat-burnt-meat,dogs,Can dogs eat burnt meat?,normal,todo
can-dogs-eat-burritos,dogs,Can dogs eat burritos?,normal,todo
can-dogs-eat-butter,dogs,Can dogs eat butter?,normal,todo
can-dogs-eat-butterfly-pea-flowers,dogs,Can dogs eat butterfly pea flowers?,normal,todo
can-dogs-eat-butterscotch,dogs,Can dogs eat butterscotch?,normal,todo
can-dogs-eat-cabage,dogs,Can dogs eat cabage?,normal,todo
can-dogs-eat-cabbage,dogs,Can dogs eat cabbage?,normal,todo
can-dogs-eat-cabbage-cooked,dogs,Can dogs eat cabbage cooked?,normal,todo
can-dogs-eat-caesar-salad,dogs,Can dogs eat caesar salad?,normal,todo
can-dogs-eat-caesar-salad-dressing,dogs,Can dogs eat caesar salad dressing?,normal,todo
can-dogs-eat-cake,dogs,Can dogs eat cake?,normal,todo
can-dogs-eat-calamari,dogs,Can dogs eat calamari?,normal,todo
can-dogs-eat-calamari-rings,dogs,Can dogs eat calamari rings?,normal,todo
can-dogs-eat-can-sardines,dogs,Can dogs eat can sardines?,normal,todo
can-dogs-eat-canned-chili,dogs,Can dogs eat canned chili?,normal,todo
can-dogs-eat-canned-sardines,dogs,Can dogs eat canned sardines?,normal,todo
can-dogs-eat-cannellini-beans,dogs,Can dogs eat cannellini beans?,normal,todo
can-dogs-eat-canola-oil,dogs,Can dogs eat canola oil?,normal,todo
can-dogs-eat-cape-gooseberries,dogs,Can dogs eat cape gooseberries?,normal,todo
can-dogs-eat-capers,dogs,Can dogs eat capers?,normal,todo
can-dogs-eat-caramel,dogs,Can dogs eat caramel?,normal,todo
can-dogs-eat-cartilage,dogs,Can dogs eat cartilage?,normal,todo
can-dogs-eat-cassava,dogs,Can dogs eat cassava?,normal,todo
can-dogs-eat-cassava-cake,dogs,Can dogs eat cassava cake?,normal,todo
can-dogs-eat-castor-oil,dogs,Can dogs eat castor oil?,normal,todo
can-dogs-eat-cat-nip,dogs,Can dogs eat cat nip?,normal,todo
can-dogs-eat-cat-treats,dogs,Can dogs eat cat treats?,normal,todo
can-dogs-eat-cattails,dogs,Can dogs eat cattails?,normal,todo
can-dogs-eat-caviar,dogs,Can dogs eat caviar?,normal,todo
can-dogs-eat-chard,dogs,Can dogs eat chard?,normal,todo
can-dogs-eat-chayote,dogs,Can dogs eat chayote?,normal,todo
can-dogs-eat-cheez-its,dogs,Can dogs eat cheez its?,normal,todo
can-dogs-eat-cheez-its-2,dogs,Can dogs eat cheez its 2?,normal,todo
can-dogs-eat-chef-boyardee-raviolis,dogs,Can dogs eat chef boyardee raviolis?,normal,todo
can-dogs-eat-chia,dogs,Can dogs eat chia?,normal,todo
can-dogs-eat-chickpea-flour,dogs,Can dogs eat chickpea flour?,normal,todo
can-dogs-eat-chicory-leaves,dogs,Can dogs eat chicory leaves?,normal,todo
can-dogs-eat-chili,dogs,Can dogs eat chili?,normal,todo
can-dogs-eat-chili-beans,dogs,Can dogs eat chili beans?,normal,todo
can-dogs-eat-chili-powder,dogs,Can dogs eat chili powder?,normal,todo
can-dogs-eat-chili-with-beans,dogs,Can dogs eat chili with beans?,normal,todo
can-dogs-eat-chili-without-beans,dogs,Can dogs eat chili without beans?,normal,todo
can-dogs-eat-chilli,dogs,Can dogs eat chilli?,normal,todo
can-dogs-eat-chilli-beans,dogs,Can dogs eat chilli beans?,normal,todo
can-dogs-eat-chinese-fortune-cookies,dogs,Can dogs eat chinese fortune cookies?,normal,todo
can-dogs-eat-chips,dogs,Can dogs eat chips?,normal,todo
can-dogs-eat-chips-ahoy,dogs,Can dogs eat chips ahoy?,normal,todo
can-dogs-eat-chorizo,dogs,Can dogs eat chorizo?,normal,todo
can-dogs-eat-clementine,dogs,Can dogs eat clementine?,normal,todo
can-dogs-eat-clover-sprouts,dogs,Can dogs eat clover sprouts?,normal,todo
can-dogs-eat-cocktail-sausages,dogs,Can dogs eat cocktail sausages?,normal,todo
can-dogs-eat-coconut-macaroons,dogs,Can dogs eat coconut macaroons?,normal,todo
can-dogs-eat-cod-fish,dogs,Can dogs eat cod fish?,normal,todo
can-dogs-eat-cold-cuts,dogs,Can dogs eat cold cuts?,normal,todo
can-dogs-eat-cold-food,dogs,Can dogs eat cold food?,normal,todo
can-dogs-eat-coleslaw,dogs,Can dogs eat coleslaw?,normal,todo
can-dogs-eat-collard-greens,dogs,Can dogs eat collard greens?,normal,todo
can-dogs-eat-combos,dogs,Can dogs eat combos?,normal,todo
can-dogs-eat-cooked-brats,dogs,Can dogs eat cooked brats?,normal,todo
can-dogs-eat-cooked-cabbage,dogs,Can dogs eat cooked cabbage?,normal,todo
can-dogs-eat-cooked-cod,dogs,Can dogs eat cooked cod?,normal,todo
can-dogs-eat-cooked-collard-greens,dogs,Can dogs eat cooked collard greens?,normal,todo
can-dogs-eat-cooked-couscous,dogs,Can dogs eat cooked couscous?,normal,todo
can-dogs-eat-cooked-goat-meat,dogs,Can dogs eat cooked goat meat?,normal,todo
can-dogs-eat-cooked-lamb,dogs,Can dogs eat cooked lamb?,normal,todo
can-dogs-eat-cooked-meat-that-has-been-left-out,dogs,Can dogs eat cooked meat that has been left out?,normal,todo
can-dogs-eat-cooked-quinoa,dogs,Can dogs eat cooked quinoa?,normal,todo
can-dogs-eat-cooked-scallops,dogs,Can dogs eat cooked scallops?,normal,todo
can-dogs-eat-cooked-spam,dogs,Can dogs eat cooked spam?,normal,todo
can-dogs-eat-cookie-butter,dogs,Can dogs eat cookie butter?,normal,todo
can-dogs-eat-cookie-dough,dogs,Can dogs eat cookie dough?,normal,todo
can-dogs-eat-cor,dogs,Can dogs eat cor?,normal,todo
can-dogs-eat-coriander,dogs,Can dogs eat coriander?,normal,todo
can-dogs-eat-couscous,dogs,Can dogs eat couscous?,normal,todo
can-dogs-eat-cracker,dogs,Can dogs eat cracker?,normal,todo
can-dogs-eat-crackers,dogs,Can dogs eat crackers?,normal,todo
can-dogs-eat-crackers-with-salt,dogs,Can dogs eat crackers with salt?,normal,todo
can-dogs-eat-cranberries,dogs,Can dogs eat cranberries?,normal,todo
can-dogs-eat-cranberrys,dogs,Can dogs eat cranberrys?,normal,todo
can-dogs-eat-cream,dogs,Can dogs eat cream?,normal,todo
can-dogs-eat-cream-of-wheat,dogs,Can dogs eat cream of wheat?,normal,todo
can-dogs-eat-cupcake-wrappers,dogs,Can dogs eat cupcake wrappers?,normal,todo
can-dogs-eat-cured-meat,dogs,Can dogs eat cured meat?,normal,todo
can-dogs-eat-curry,dogs,Can dogs eat curry?,normal,todo
can-dogs-eat-custard,dogs,Can dogs eat custard?,normal,todo
can-dogs-eat-dijon-mustard,dogs,Can dogs eat dijon mustard?,normal,todo
can-dogs-eat-dill,dogs,Can dogs eat dill?,normal,todo
can-dogs-eat-dill-pickles,dogs,Can dogs eat dill pickles?,normal,todo
can-dogs-eat-dough,dogs,Can dogs eat dough?,normal,todo
can-dogs-eat-dressing,dogs,Can dogs eat dressing?,normal,todo
can-dogs-eat-dried-cuttlefish,dogs,Can dogs eat dried cuttlefish?,normal,todo
can-dogs-eat-dried-persimmons,dogs,Can dogs eat dried persimmons?,normal,todo
can-dogs-eat-dumplings,dogs,Can dogs eat dumplings?,normal,todo
can-dogs-eat-durian-seeds,dogs,Can dogs eat durian seeds?,normal,todo
can-dogs-eat-durian-seeds-2,dogs,Can dogs eat durian seeds 2?,normal,todo
can-dogs-eat-edemame,dogs,Can dogs eat edemame?,normal,todo
can-dogs-eat-elk,dogs,Can dogs eat elk?,normal,todo
can-dogs-eat-endive,dogs,Can dogs eat endive?,normal,todo
can-dogs-eat-english-muffins,dogs,Can dogs eat english muffins?,normal,todo
can-dogs-eat-farina,dogs,Can dogs eat farina?,normal,todo
can-dogs-eat-fennel,dogs,Can dogs eat fennel?,normal,todo
can-dogs-eat-figs,dogs,Can dogs eat figs?,normal,todo
can-dogs-eat-fish,dogs,Can dogs eat fish?,normal,todo
can-dogs-eat-fish-sticks,dogs,Can dogs eat fish sticks?,normal,todo
can-dogs-eat-fishsticks,dogs,Can dogs eat fishsticks?,normal,todo
can-dogs-eat-flan,dogs,Can dogs eat flan?,normal,todo
can-dogs-eat-flaxseeds,dogs,Can dogs eat flaxseeds?,normal,todo
can-dogs-eat-flour,dogs,Can dogs eat flour?,normal,todo
can-dogs-eat-flour-tortillas,dogs,Can dogs eat flour tortillas?,normal,todo
can-dogs-eat-foie-gras,dogs,Can dogs eat foie gras?,normal,todo
can-dogs-eat-food-cooked-in-olive-oil,dogs,Can dogs eat food cooked in olive oil?,normal,todo
can-dogs-eat-food-cooked-with-bay-leaves,dogs,Can dogs eat food cooked with bay leaves?,normal,todo
can-dogs-eat-food-with-flour,dogs,Can dogs eat food with flour?,normal,todo
can-dogs-eat-food-with-vinegar,dogs,Can dogs eat food with vinegar?,normal,todo
can-dogs-eat-frankfurters,dogs,Can dogs eat frankfurters?,normal,todo
can-dogs-eat-freezer-burned-meat,dogs,Can dogs eat freezer burned meat?,normal,todo
can-dogs-eat-french-fries-with-salt,dogs,Can dogs eat french fries with salt?,normal,todo
can-dogs-eat-french-toast,dogs,Can dogs eat french toast?,normal,todo
can-dogs-eat-fried-food,dogs,Can dogs eat fried food?,normal,todo
can-dogs-eat-fries,dogs,Can dogs eat fries?,normal,todo
can-dogs-eat-frosting,dogs,Can dogs eat frosting?,normal,todo
can-dogs-eat-frozen-custard,dogs,Can dogs eat frozen custard?,normal,todo
can-dogs-eat-fruit-cake,dogs,Can dogs eat fruit cake?,normal,todo
can-dogs-eat-fruit-roll-ups,dogs,Can dogs eat fruit roll ups?,normal,todo
can-dogs-eat-ginger,dogs,Can dogs eat ginger?,normal,todo
can-dogs-eat-gonger,dogs,Can dogs eat gonger?,normal,todo
can-dogs-eat-gravy,dogs,Can dogs eat gravy?,normal,todo
can-dogs-eat-green-bell-pepper,dogs,Can dogs eat green bell pepper?,normal,todo
can-dogs-eat-green-chiles,dogs,Can dogs eat green chiles?,normal,todo
can-dogs-eat-green-tea,dogs,Can dogs eat green tea?,normal,todo
can-dogs-eat-greenbeans,dogs,Can dogs eat greenbeans?,normal,todo
can-dogs-eat-greens,dogs,Can dogs eat greens?,normal,todo
can-dogs-eat-grits,dogs,Can dogs eat grits?,normal,todo
can-dogs-eat-ground-oyster-shells,dogs,Can dogs eat ground oyster shells?,normal,todo
can-dogs-eat-ground-oyster-shells-2,dogs,Can dogs eat ground oyster shells 2?,normal,todo
can-dogs-eat-guava-fruit,dogs,Can dogs eat guava fruit?,normal,todo
can-dogs-eat-guinea-pig-food,dogs,Can dogs eat guinea pig food?,normal,todo
can-dogs-eat-guinea-pig-poop,dogs,Can dogs eat guinea pig poop?,normal,todo
can-dogs-eat-gummies,dogs,Can dogs eat gummies?,normal,todo
can-dogs-eat-gummy-candy,dogs,Can dogs eat gummy candy?,normal,todo
can-dogs-eat-gummy-worms,dogs,Can dogs eat gummy worms?,normal,todo
can-dogs-eat-haddock,dogs,Can dogs eat haddock?,normal,todo
can-dogs-eat-haddock-fish,dogs,Can dogs eat haddock fish?,normal,todo
can-dogs-eat-han,dogs,Can dogs eat han?,normal,todo
can-dogs-eat-hash-browns,dogs,Can dogs eat hash browns?,normal,todo
can-dogs-eat-hashbrowns,dogs,Can dogs eat hashbrowns?,normal,todo
can-dogs-eat-hazelnuts,dogs,Can dogs eat hazelnuts?,normal,todo
can-dogs-eat-hearts-of-palm,dogs,Can dogs eat hearts of palm?,normal,todo
can-dogs-eat-hobnobs,dogs,Can dogs eat hobnobs?,normal,todo
can-dogs-eat-horse-feed,dogs,Can dogs eat horse feed?,normal,todo
can-dogs-eat-horseradish,dogs,Can dogs eat horseradish?,normal,todo
can-dogs-eat-hostas,dogs,Can dogs eat hostas?,normal,todo
can-dogs-eat-hot-chips,dogs,Can dogs eat hot chips?,normal,todo
can-dogs-eat-hot-dog,dogs,Can dogs eat hot dog?,normal,todo
can-dogs-eat-hot-food,dogs,Can dogs eat hot food?,normal,todo
can-dogs-eat-hot-fries,dogs,Can dogs eat hot fries?,normal,todo
can-dogs-eat-hot-links,dogs,Can dogs eat hot links?,normal,todo
can-dogs-eat-hot-sauce,dogs,Can dogs eat hot sauce?,normal,todo
can-dogs-eat-human-biscuits,dogs,Can dogs eat human biscuits?,normal,todo
can-dogs-eat-hush-puppies,dogs,Can dogs eat hush puppies?,normal,todo
can-dogs-eat-ice-lollies,dogs,Can dogs eat ice lollies?,normal,todo
can-dogs-eat-icing,dogs,Can dogs eat icing?,normal,todo
can-dogs-eat-italian-dressing,dogs,Can dogs eat italian dressing?,normal,todo
can-dogs-eat-italian-seasoning,dogs,Can dogs eat italian seasoning?,normal,todo
can-dogs-eat-jam,dogs,Can dogs eat jam?,normal,todo
can-dogs-eat-japanese-peanuts,dogs,Can dogs eat japanese peanuts?,normal,todo
can-dogs-eat-jelly,dogs,Can dogs eat jelly?,normal,todo
can-dogs-eat-jicama,dogs,Can dogs eat jicama?,normal,todo
can-dogs-eat-jujube-fruit,dogs,Can dogs eat jujube fruit?,normal,todo
can-dogs-eat-ketchup-chips,dogs,Can dogs eat ketchup chips?,normal,todo
can-dogs-eat-kidney-beans,dogs,Can dogs eat kidney beans?,normal,todo
can-dogs-eat-kohlrabi,dogs,Can dogs eat kohlrabi?,normal,todo
can-dogs-eat-lamb,dogs,Can dogs eat lamb?,normal,todo
can-dogs-eat-lasagna,dogs,Can dogs eat lasagna?,normal,todo
can-dogs-eat-lauki,dogs,Can dogs eat lauki?,normal,todo
can-dogs-eat-leeks,dogs,Can dogs eat leeks?,normal,todo
can-dogs-eat-lemon,dogs,Can dogs eat lemon?,normal,todo
can-dogs-eat-lifesaver-gummies,dogs,Can dogs eat lifesaver gummies?,normal,todo
can-dogs-eat-longan,dogs,Can dogs eat longan?,normal,todo
can-dogs-eat-loquats,dogs,Can dogs eat loquats?,normal,todo
can-dogs-eat-lotus-root,dogs,Can dogs eat lotus root?,normal,todo
can-dogs-eat-lucky-charms-cereal,dogs,Can dogs eat lucky charms cereal?,normal,todo
can-dogs-eat-lychee-fruit,dogs,Can dogs eat lychee fruit?,normal,todo
can-dogs-eat-lychees,dogs,Can dogs eat lychees?,normal,todo
can-dogs-eat-macaroni,dogs,Can dogs eat macaroni?,normal,todo
can-dogs-eat-maize,dogs,Can dogs eat maize?,normal,todo
can-dogs-eat-mandarins,dogs,Can dogs eat mandarins?,normal,todo
can-dogs-eat-maple-syrup,dogs,Can dogs eat maple syrup?,normal,todo
can-dogs-eat-margarine,dogs,Can dogs eat margarine?,normal,todo
can-dogs-eat-maria-cookies,dogs,Can dogs eat maria cookies?,normal,todo
can-dogs-eat-marie-biscuits,dogs,Can dogs eat marie biscuits?,normal,todo
can-dogs-eat-marshmellows,dogs,Can dogs eat marshmellows?,normal,todo
can-dogs-eat-marzipan,dogs,Can dogs eat marzipan?,normal,todo
can-dogs-eat-mayo,dogs,Can dogs eat mayo?,normal,todo
can-dogs-eat-meatballs,dogs,Can dogs eat meatballs?,normal,todo
can-dogs-eat-melon-dew,dogs,Can dogs eat melon dew?,normal,todo
can-dogs-eat-mesquite-beans,dogs,Can dogs eat mesquite beans?,normal,todo
can-dogs-eat-mesquite-beans-2,dogs,Can dogs eat mesquite beans 2?,normal,todo
can-dogs-eat-miso-soup,dogs,Can dogs eat miso soup?,normal,todo
can-dogs-eat-mochi,dogs,Can dogs eat mochi?,normal,todo
can-dogs-eat-moss,dogs,Can dogs eat moss?,normal,todo
can-dogs-eat-mozzarella,dogs,Can dogs eat mozzarella?,normal,todo
can-dogs-eat-muffins,dogs,Can dogs eat muffins?,normal,todo
can-dogs-eat-mulberries,dogs,Can dogs eat mulberries?,normal,todo
can-dogs-eat-mulberrys,dogs,Can dogs eat mulberrys?,normal,todo
can-dogs-eat-mung-bean-sprouts,dogs,Can dogs eat mung bean sprouts?,normal,todo
can-dogs-eat-mung-beans,dogs,Can dogs eat mung beans?,normal,todo
can-dogs-eat-muscadines,dogs,Can dogs eat muscadines?,normal,todo
can-dogs-eat-mustard,dogs,Can dogs eat mustard?,normal,todo
can-dogs-eat-mustard-greens,dogs,Can dogs eat mustard greens?,normal,todo
can-dogs-eat-mustard-seeds,dogs,Can dogs eat mustard seeds?,normal,todo
can-dogs-eat-mycoprotein,dogs,Can dogs eat mycoprotein?,normal,todo
can-dogs-eat-nachos,dogs,Can dogs eat nachos?,normal,todo
can-dogs-eat-nerds,dogs,Can dogs eat nerds?,normal,todo
can-dogs-eat-nopales,dogs,Can dogs eat nopales?,normal,todo
can-dogs-eat-nori,dogs,Can dogs eat nori?,normal,todo
can-dogs-eat-nori-seaweed,dogs,Can dogs eat nori seaweed?,normal,todo
can-dogs-eat-nuggets,dogs,Can dogs eat nuggets?,normal,todo
can-dogs-eat-nutella,dogs,Can dogs eat nutella?,normal,todo
can-dogs-eat-nutmeg,dogs,Can dogs eat nutmeg?,normal,todo
can-dogs-eat-nutri-grain-bars,dogs,Can dogs eat nutri grain bars?,normal,todo
can-dogs-eat-nutter-butter,dogs,Can dogs eat nutter butter?,normal,todo
can-dogs-eat-ocra,dogs,Can dogs eat ocra?,normal,todo
can-dogs-eat-octopus,dogs,Can dogs eat octopus?,normal,todo
can-dogs-eat-oil,dogs,Can dogs eat oil?,normal,todo
can-dogs-eat-okra,dogs,Can dogs eat okra?,normal,todo
can-dogs-eat-oregano,dogs,Can dogs eat oregano?,normal,todo
can-dogs-eat-oyster-shells,dogs,Can dogs eat oyster shells?,normal,todo
can-dogs-eat-paprika,dogs,Can dogs eat paprika?,normal,todo
can-dogs-eat-parmesan,dogs,Can dogs eat parmesan?,normal,todo
can-dogs-eat-parsely,dogs,Can dogs eat parsely?,normal,todo
can-dogs-eat-parsley,dogs,Can dogs eat parsley?,normal,todo
can-dogs-eat-parsnip,dogs,Can dogs eat parsnip?,normal,todo
can-dogs-eat-passion-fruit,dogs,Can dogs eat passion fruit?,normal,todo
can-dogs-eat-pasta-sauce,dogs,Can dogs eat pasta sauce?,normal,todo
can-dogs-eat-pastrami,dogs,Can dogs eat pastrami?,normal,todo
can-dogs-eat-pastrami,dogs,Can dogs eat pastrami?,normal,todo
can-dogs-eat-pate,dogs,Can dogs eat pate?,normal,todo
can-dogs-eat-pea,dogs,Can dogs eat pea?,normal,todo
can-dogs-eat-peanutbutter,dogs,Can dogs eat peanutbutter?,normal,todo
can-dogs-eat-pecan,dogs,Can dogs eat pecan?,normal,todo
can-dogs-eat-pecan-pie,dogs,Can dogs eat pecan pie?,normal,todo
can-dogs-eat-peeps,dogs,Can dogs eat peeps?,normal,todo
can-dogs-eat-pees,dogs,Can dogs eat pees?,normal,todo
can-dogs-eat-penut-butter,dogs,Can dogs eat penut butter?,normal,todo
can-dogs-eat-peppermint-leaves,dogs,Can dogs eat peppermint leaves?,normal,todo
can-dogs-eat-peppermints,dogs,Can dogs eat peppermints?,normal,todo
can-dogs-eat-pepperoncini,dogs,Can dogs eat pepperoncini?,normal,todo
can-dogs-eat-pepperoncinis,dogs,Can dogs eat pepperoncinis?,normal,todo
can-dogs-eat-persimons,dogs,Can dogs eat persimons?,normal,todo
can-dogs-eat-pesto,dogs,Can dogs eat pesto?,normal,todo
can-dogs-eat-pickels,dogs,Can dogs eat pickels?,normal,todo
can-dogs-eat-picles,dogs,Can dogs eat picles?,normal,todo
can-dogs-eat-pie-crust,dogs,Can dogs eat pie crust?,normal,todo
can-dogs-eat-pierogies,dogs,Can dogs eat pierogies?,normal,todo
can-dogs-eat-pine-nuts,dogs,Can dogs eat pine nuts?,normal,todo
can-dogs-eat-pirates-booty,dogs,Can dogs eat pirates booty?,normal,todo
can-dogs-eat-pirk,dogs,Can dogs eat pirk?,normal,todo
can-dogs-eat-pita-chips,dogs,Can dogs eat pita chips?,normal,todo
can-dogs-eat-plain-couscous,dogs,Can dogs eat plain couscous?,normal,todo
can-dogs-eat-plain-crackers,dogs,Can dogs eat plain crackers?,normal,todo
can-dogs-eat-plain-pasta,dogs,Can dogs eat plain pasta?,normal,todo
can-dogs-eat-plaintains,dogs,Can dogs eat plaintains?,normal,todo
can-dogs-eat-plantain,dogs,Can dogs eat plantain?,normal,todo
can-dogs-eat-plantains,dogs,Can dogs eat plantains?,normal,todo
can-dogs-eat-pomelo-fruit,dogs,Can dogs eat pomelo fruit?,normal,todo
can-dogs-eat-pop-rocks,dogs,Can dogs eat pop rocks?,normal,todo
can-dogs-eat-popsicle,dogs,Can dogs eat popsicle?,normal,todo
can-dogs-eat-porridge,dogs,Can dogs eat porridge?,normal,todo
can-dogs-eat-potted-meat,dogs,Can dogs eat potted meat?,normal,todo
can-dogs-eat-potted-meat,dogs,Can dogs eat potted meat?,normal,todo
can-dogs-eat-powdered-sugar,dogs,Can dogs eat powdered sugar?,normal,todo
can-dogs-eat-prickly-pear,dogs,Can dogs eat prickly pear?,normal,todo
can-dogs-eat-prickly-pears,dogs,Can dogs eat prickly pears?,normal,todo
can-dogs-eat-pringles,dogs,Can dogs eat pringles?,normal,todo
can-dogs-eat-prosciutto,dogs,Can dogs eat prosciutto?,normal,todo
can-dogs-eat-provolone,dogs,Can dogs eat provolone?,normal,todo
can-dogs-eat-prunes,dogs,Can dogs eat prunes?,normal,todo
can-dogs-eat-prunes-safely,dogs,Can dogs eat prunes safely?,normal,todo
can-dogs-eat-pudding,dogs,Can dogs eat pudding?,normal,todo
can-dogs-eat-quesadillas,dogs,Can dogs eat quesadillas?,normal,todo
can-dogs-eat-quiche,dogs,Can dogs eat quiche?,normal,todo
can-dogs-eat-quinoa,dogs,Can dogs eat quinoa?,normal,todo
can-dogs-eat-quinua,dogs,Can dogs eat quinua?,normal,todo
can-dogs-eat-quiona,dogs,Can dogs eat quiona?,normal,todo
can-dogs-eat-rabbit,dogs,Can dogs eat rabbit?,normal,todo
can-dogs-eat-rabbit-food,dogs,Can dogs eat rabbit food?,normal,todo
can-dogs-eat-radicchio,dogs,Can dogs eat radicchio?,normal,todo
can-dogs-eat-ragi,dogs,Can dogs eat ragi?,normal,todo
can-dogs-eat-rambutan,dogs,Can dogs eat rambutan?,normal,todo
can-dogs-eat-rambutan-fruit,dogs,Can dogs eat rambutan fruit?,normal,todo
can-dogs-eat-ranch,dogs,Can dogs eat ranch?,normal,todo
can-dogs-eat-ranch-dressing,dogs,Can dogs eat ranch dressing?,normal,todo
can-dogs-eat-ranch-dressing-2,dogs,Can dogs eat ranch dressing 2?,normal,todo
can-dogs-eat-rasberries,dogs,Can dogs eat rasberries?,normal,todo
can-dogs-eat-raspberry-jam,dogs,Can dogs eat raspberry jam?,normal,todo
can-dogs-eat-raw-bok-choy,dogs,Can dogs eat raw bok choy?,normal,todo
can-dogs-eat-raw-bok-choy-2,dogs,Can dogs eat raw bok choy 2?,normal,todo
can-dogs-eat-raw-bratwurst,dogs,Can dogs eat raw bratwurst?,normal,todo
can-dogs-eat-raw-bratwurst-2,dogs,Can dogs eat raw bratwurst 2?,normal,todo
can-dogs-eat-raw-cod,dogs,Can dogs eat raw cod?,normal,todo
can-dogs-eat-raw-cod-2,dogs,Can dogs eat raw cod 2?,normal,todo
can-dogs-eat-raw-collard-greens,dogs,Can dogs eat raw collard greens?,normal,todo
can-dogs-eat-raw-collard-greens-2,dogs,Can dogs eat raw collard greens 2?,normal,todo
can-dogs-eat-raw-lamb,dogs,Can dogs eat raw lamb?,normal,todo
can-dogs-eat-raw-lamb-2,dogs,Can dogs eat raw lamb 2?,normal,todo
can-dogs-eat-raw-sausages,dogs,Can dogs eat raw sausages?,normal,todo
can-dogs-eat-raw-sausages-2,dogs,Can dogs eat raw sausages 2?,normal,todo
can-dogs-eat-raw-spaghetti-2,dogs,Can dogs eat raw spaghetti 2?,normal,todo
can-dogs-eat-raw-squid,dogs,Can dogs eat raw squid?,normal,todo
can-dogs-eat-raw-squid-2,dogs,Can dogs eat raw squid 2?,normal,todo
can-dogs-eat-red-bell-pepper,dogs,Can dogs eat red bell pepper?,normal,todo
can-dogs-eat-red-bell-pepper-2,dogs,Can dogs eat red bell pepper 2?,normal,todo
can-dogs-eat-red-cabbage,dogs,Can dogs eat red cabbage?,normal,todo
can-dogs-eat-red-cabbage-2,dogs,Can dogs eat red cabbage 2?,normal,todo
can-dogs-eat-reeses-puffs-cereal,dogs,Can dogs eat reeses puffs cereal?,normal,todo
can-dogs-eat-regular-flour,dogs,Can dogs eat regular flour?,normal,todo
can-dogs-eat-regular-flour-2,dogs,Can dogs eat regular flour 2?,normal,todo
can-dogs-eat-rhubarb,dogs,Can dogs eat rhubarb?,normal,todo
can-dogs-eat-rhubarb-2,dogs,Can dogs eat rhubarb 2?,normal,todo
can-dogs-eat-ruce,dogs,Can dogs eat ruce?,normal,todo
can-dogs-eat-ruce-2,dogs,Can dogs eat ruce 2?,normal,todo
can-dogs-eat-rutabaga,dogs,Can dogs eat rutabaga?,normal,todo
can-dogs-eat-rutabagas,dogs,Can dogs eat rutabagas?,normal,todo
can-dogs-eat-rutabagas-2,dogs,Can dogs eat rutabagas 2?,normal,todo
can-dogs-eat-ryvita,dogs,Can dogs eat ryvita?,normal,todo
can-dogs-eat-sage,dogs,Can dogs eat sage?,normal,todo
can-dogs-eat-sage-2,dogs,Can dogs eat sage 2?,normal,todo
can-dogs-eat-salad,dogs,Can dogs eat salad?,normal,todo
can-dogs-eat-salad-dressing,dogs,Can dogs eat salad dressing?,normal,todo
can-dogs-eat-salsa,dogs,Can dogs eat salsa?,normal,todo
can-dogs-eat-salt-crackers,dogs,Can dogs eat salt crackers?,normal,todo
can-dogs-eat-salted-crackers,dogs,Can dogs eat salted crackers?,normal,todo
can-dogs-eat-salted-seaweed,dogs,Can dogs eat salted seaweed?,normal,todo
can-dogs-eat-saltine-crackers,dogs,Can dogs eat saltine crackers?,normal,todo
can-dogs-eat-sandwich-meat,dogs,Can dogs eat sandwich meat?,normal,todo
can-dogs-eat-sardines,dogs,Can dogs eat sardines?,normal,todo
can-dogs-eat-sardines-in-water,dogs,Can dogs eat sardines in water?,normal,todo
can-dogs-eat-saurkraut,dogs,Can dogs eat saurkraut?,normal,todo
can-dogs-eat-sausage,dogs,Can dogs eat sausage?,normal,todo
can-dogs-eat-sausage-links,dogs,Can dogs eat sausage links?,normal,todo
can-dogs-eat-sausages,dogs,Can dogs eat sausages?,normal,todo
can-dogs-eat-scallions,dogs,Can dogs eat scallions?,normal,todo
can-dogs-eat-scallop,dogs,Can dogs eat scallop?,normal,todo
can-dogs-eat-scallops,dogs,Can dogs eat scallops?,normal,todo
can-dogs-eat-sea-weed,dogs,Can dogs eat sea weed?,normal,todo
can-dogs-eat-seasame-seeds,dogs,Can dogs eat seasame seeds?,normal,todo
can-dogs-eat-seaweed-chips,dogs,Can dogs eat seaweed chips?,normal,todo
can-dogs-eat-seaweed-nori,dogs,Can dogs eat seaweed nori?,normal,todo
can-dogs-eat-seaweed-snacks,dogs,Can dogs eat seaweed snacks?,normal,todo
can-dogs-eat-sesame-oil,dogs,Can dogs eat sesame oil?,normal,todo
can-dogs-eat-sesame-seed,dogs,Can dogs eat sesame seed?,normal,todo
can-dogs-eat-sesame-seeds,dogs,Can dogs eat sesame seeds?,normal,todo
can-dogs-eat-shallots,dogs,Can dogs eat shallots?,normal,todo
can-dogs-eat-smoked-brisket,dogs,Can dogs eat smoked brisket?,normal,todo
can-dogs-eat-snow,dogs,Can dogs eat snow?,normal,todo
can-dogs-eat-soup-beans,dogs,Can dogs eat soup beans?,normal,todo
can-dogs-eat-soy,dogs,Can dogs eat soy?,normal,todo
can-dogs-eat-soy-sauce,dogs,Can dogs eat soy sauce?,normal,todo
can-dogs-eat-spaghetti,dogs,Can dogs eat spaghetti?,normal,todo
can-dogs-eat-spaghetti-and-meatballs,dogs,Can dogs eat spaghetti and meatballs?,normal,todo
can-dogs-eat-spaghetti-bolognese,dogs,Can dogs eat spaghetti bolognese?,normal,todo
can-dogs-eat-spaghetti-hoops,dogs,Can dogs eat spaghetti hoops?,normal,todo
can-dogs-eat-spaghetti-sauce,dogs,Can dogs eat spaghetti sauce?,normal,todo
can-dogs-eat-spaghetti-with-meat-sauce,dogs,Can dogs eat spaghetti with meat sauce?,normal,todo
can-dogs-eat-spam,dogs,Can dogs eat spam?,normal,todo
can-dogs-eat-split-pea-soup,dogs,Can dogs eat split pea soup?,normal,todo
can-dogs-eat-sprinkles,dogs,Can dogs eat sprinkles?,normal,todo
can-dogs-eat-sprouts,dogs,Can dogs eat sprouts?,normal,todo
can-dogs-eat-squid,dogs,Can dogs eat squid?,normal,todo
can-dogs-eat-squid-ink-pasta,dogs,Can dogs eat squid ink pasta?,normal,todo
can-dogs-eat-starfruit,dogs,Can dogs eat starfruit?,normal,todo
can-dogs-eat-steak-with-salt-and-pepper,dogs,Can dogs eat steak with salt and pepper?,normal,todo
can-dogs-eat-stock-cubes,dogs,Can dogs eat stock cubes?,normal,todo
can-dogs-eat-sugar,dogs,Can dogs eat sugar?,normal,todo
can-dogs-eat-sugar-free-pudding,dogs,Can dogs eat sugar free pudding?,normal,todo
can-dogs-eat-sugar-wafers,dogs,Can dogs eat sugar wafers?,normal,todo
can-dogs-eat-sunflower-butter,dogs,Can dogs eat sunflower butter?,normal,todo
can-dogs-eat-sushi,dogs,Can dogs eat sushi?,normal,todo
can-dogs-eat-sushi-ginger,dogs,Can dogs eat sushi ginger?,normal,todo
can-dogs-eat-swedish-fish-candy,dogs,Can dogs eat swedish fish candy?,normal,todo
can-dogs-eat-sweet-biscuits,dogs,Can dogs eat sweet biscuits?,normal,todo
can-dogs-eat-sweet-tarts,dogs,Can dogs eat sweet tarts?,normal,todo
can-dogs-eat-sweet-things,dogs,Can dogs eat sweet things?,normal,todo
can-dogs-eat-swiss-chard,dogs,Can dogs eat swiss chard?,normal,todo
can-dogs-eat-syrup,dogs,Can dogs eat syrup?,normal,todo
can-dogs-eat-taco-meat,dogs,Can dogs eat taco meat?,normal,todo
can-dogs-eat-tamarind,dogs,Can dogs eat tamarind?,normal,todo
can-dogs-eat-tarragon,dogs,Can dogs eat tarragon?,normal,todo
can-dogs-eat-tater-tots,dogs,Can dogs eat tater tots?,normal,todo
can-dogs-eat-tempeh,dogs,Can dogs eat tempeh?,normal,todo
can-dogs-eat-teriyaki-sauce,dogs,Can dogs eat teriyaki sauce?,normal,todo
can-dogs-eat-thyme,dogs,Can dogs eat thyme?,normal,todo
can-dogs-eat-toffee,dogs,Can dogs eat toffee?,normal,todo
can-dogs-eat-toffee-peanuts,dogs,Can dogs eat toffee peanuts?,normal,todo
can-dogs-eat-tofu,dogs,Can dogs eat tofu?,normal,todo
can-dogs-eat-tortillas,dogs,Can dogs eat tortillas?,normal,todo
can-dogs-eat-turnip,dogs,Can dogs eat turnip?,normal,todo
can-dogs-eat-turtle-food,dogs,Can dogs eat turtle food?,normal,todo
can-dogs-eat-twisties,dogs,Can dogs eat twisties?,normal,todo
can-dogs-eat-tzatziki,dogs,Can dogs eat tzatziki?,normal,todo
can-dogs-eat-tzatziki-sauce,dogs,Can dogs eat tzatziki sauce?,normal,todo
can-dogs-eat-unions,dogs,Can dogs eat unions?,normal,todo
can-dogs-eat-vanilla,dogs,Can dogs eat vanilla?,normal,todo
can-dogs-eat-vanilla-custard,dogs,Can dogs eat vanilla custard?,normal,todo
can-dogs-eat-vanilla-extract,dogs,Can dogs eat vanilla extract?,normal,todo
can-dogs-eat-vanilla-pudding,dogs,Can dogs eat vanilla pudding?,normal,todo
can-dogs-eat-veal,dogs,Can dogs eat veal?,normal,todo
can-dogs-eat-vegetable-broth,dogs,Can dogs eat vegetable broth?,normal,todo
can-dogs-eat-waffle,dogs,Can dogs eat waffle?,normal,todo
can-dogs-eat-waffle-cones,dogs,Can dogs eat waffle cones?,normal,todo
can-dogs-eat-waffles-with-syrup,dogs,Can dogs eat waffles with syrup?,normal,todo
can-dogs-eat-watercress,dogs,Can dogs eat watercress?,normal,todo
can-dogs-eat-weetabix,dogs,Can dogs eat weetabix?,normal,todo
can-dogs-eat-wheat,dogs,Can dogs eat wheat?,normal,todo
can-dogs-eat-wheat-cereal,dogs,Can dogs eat wheat cereal?,normal,todo
can-dogs-eat-wheat-flour,dogs,Can dogs eat wheat flour?,normal,todo
can-dogs-eat-wheat-germ,dogs,Can dogs eat wheat germ?,normal,todo
can-dogs-eat-white-beans,dogs,Can dogs eat white beans?,normal,todo
can-dogs-eat-white-cheddar-cheez-its,dogs,Can dogs eat white cheddar cheez its?,normal,todo
can-dogs-eat-white-nectarines,dogs,Can dogs eat white nectarines?,normal,todo
can-dogs-eat-with-a-cone-on,dogs,Can dogs eat with a cone on?,normal,todo
can-dogs-eat-worcester-sauce,dogs,Can dogs eat worcester sauce?,normal,todo
can-dogs-eat-worcestershire-sauce,dogs,Can dogs eat worcestershire sauce?,normal,todo
can-dogs-eat-worms,dogs,Can dogs eat worms?,normal,todo
can-dogs-eat-yellow-wax-beans,dogs,Can dogs eat yellow wax beans?,normal,todo
can-dogs-eat-yum-yum-sauce,dogs,Can dogs eat yum yum sauce?,normal,todo
can-dogs-gain-weight-from-eating-poop,dogs,Can dogs gain weight from eating poop?,normal,todo
can-dogs-get-sick-from-eating-cat-poop,dogs,Can dogs get sick from eating cat poop?,normal,todo
can-dogs-have-caesar-dressing,dogs,Can dogs have caesar dressing?,normal,todo
can-dogs-have-fish-sticks,dogs,Can dogs have fish sticks?,normal,todo
can-dogs-have-meatballs,dogs,Can dogs have meatballs?,normal,todo
can-dogs-have-sesame-oil,dogs,Can dogs have sesame oil?,normal,todo
can-dogs-have-syrup,dogs,Can dogs have syrup?,normal,todo
can-eating-snow-give-dogs-diarrhea,dogs,Can eating snow give dogs diarrhea?,normal,todo
can-my-dog-eat-boba,dogs,Can my dog eat boba?,normal,todo
can-my-dog-eat-funyuns,dogs,Can my dog eat funyuns?,normal,todo
can-my-dog-eat-lychee,dogs,Can my dog eat lychee?,normal,todo
can-my-dog-eat-pine-cones,dogs,Can my dog eat pine cones?,normal,todo
can-my-dog-eat-powdered-donuts,dogs,Can my dog eat powdered donuts?,normal,todo
can-my-dog-eat-rambutan,dogs,Can my dog eat rambutan?,normal,todo
can-my-dog-eat-weetabix,dogs,Can my dog eat weetabix?,normal,todo
can-small-dogs-eat-agave-syrup,dogs,Can small dogs eat agave syrup?,normal,todo
how-can-you-stop-dogs-from-eating-cat-poop,dogs,How can you stop dogs from eating cat poop?,normal,todo
is-salsa-ok-for-dogs,dogs,Is salsa ok for dogs?,normal,todo
what-cake-can-dogs-eat,dogs,What cake can dogs eat?,normal,todo
what-can-dogs-eat-for-breakfast,dogs,What can dogs eat for breakfast?,normal,todo
what-can-happen-if-a-dog-eats-maggots,dogs,What can happen if a dog eats maggots?,normal,todo
what-candy-can-dogs-eat,dogs,What candy can dogs eat?,normal,todo
what-foods-can-dogs-eat,dogs,What foods can dogs eat?,normal,todo
what-greens-can-dogs-eat,dogs,What greens can dogs eat?,normal,todo
what-kind-of-flour-can-dogs-eat,dogs,What kind of flour can dogs eat?,normal,todo
what-oils-can-dogs-eat,dogs,What oils can dogs eat?,normal,todo
what-sardines-can-dogs-eat,dogs,What sardines can dogs eat?,normal,todo
what-sauces-can-dogs-eat,dogs,What sauces can dogs eat?,normal,todo
american-beautyberry-can-birds-eat-it,birds,American beautyberry can birds eat it?,out-of-scope,todo
brussel-sprouts-can-birds-eat,birds,Brussel sprouts can birds eat?,out-of-scope,todo
can-birds-eat-a-man-o-war,birds,Can birds eat a man o war?,out-of-scope,todo
can-birds-eat-a-stale-chocolate-chip-muffin,birds,Can birds eat a stale chocolate chip muffin?,out-of-scope,todo
can-birds-eat-acai-berries,birds,Can birds eat acai berries?,out-of-scope,todo
can-birds-eat-acorn-squash-seeds,birds,Can birds eat acorn squash seeds?,out-of-scope,todo
can-birds-eat-acorns,birds,Can birds eat acorns?,out-of-scope,todo
can-birds-eat-agar-agar,birds,Can birds eat agar agar?,out-of-scope,todo
can-birds-eat-agave-nectar,birds,Can birds eat agave nectar?,out-of-scope,todo
can-birds-eat-alfalfa-seeds,birds,Can birds eat alfalfa seeds?,out-of-scope,todo
can-birds-eat-alfalfa-sprouts,birds,Can birds eat alfalfa sprouts?,out-of-scope,todo
can-birds-eat-alka-seltzer,birds,Can birds eat alka seltzer?,out-of-scope,todo
can-birds-eat-all-bran,birds,Can birds eat all bran?,out-of-scope,todo
can-birds-eat-all-bran-cereal,birds,Can birds eat all bran cereal?,out-of-scope,todo
can-birds-eat-all-edible-flowers,birds,Can birds eat all edible flowers?,out-of-scope,todo
can-birds-eat-all-nuts,birds,Can birds eat all nuts?,out-of-scope,todo
can-birds-eat-almond-butter,birds,Can birds eat almond butter?,out-of-scope,todo
can-birds-eat-almond-flour,birds,Can birds eat almond flour?,out-of-scope,todo
can-birds-eat-almonds,birds,Can birds eat almonds?,out-of-scope,todo
can-birds-eat-almonds-and-hazelnuts,birds,Can birds eat almonds and hazelnuts?,out-of-scope,todo
can-birds-eat-aloe-vera,birds,Can birds eat aloe vera?,out-of-scope,todo
can-birds-eat-amaranth,birds,Can birds eat amaranth?,out-of-scope,todo
can-birds-eat-amaranth-seeds,birds,Can birds eat amaranth seeds?,out-of-scope,todo
can-birds-eat-ancient-grains,birds,Can birds eat ancient grains?,out-of-scope,todo
can-birds-eat-angelonia,birds,Can birds eat angelonia?,out-of-scope,todo
can-birds-eat-animal-crackers,birds,Can birds eat animal crackers?,out-of-scope,todo
can-birds-eat-animal-fat,birds,Can birds eat animal fat?,out-of-scope,todo
can-birds-eat-ants,birds,Can birds eat ants?,out-of-scope,todo
can-birds-eat-any-edible-flower,birds,Can birds eat any edible flower?,out-of-scope,todo
can-birds-eat-any-nuts,birds,Can birds eat any nuts?,out-of-scope,todo
can-birds-eat-any-seeds,birds,Can birds eat any seeds?,out-of-scope,todo
can-birds-eat-anything,birds,Can birds eat anything?,out-of-scope,todo
can-birds-eat-aphids,birds,Can birds eat aphids?,out-of-scope,todo
can-birds-eat-aples,birds,Can birds eat aples?,out-of-scope,todo
can-birds-eat-apple,birds,Can birds eat apple?,out-of-scope,todo
can-birds-eat-apple-cores,birds,Can birds eat apple cores?,out-of-scope,todo
can-birds-eat-apple-cores-and-banana-peels,birds,Can birds eat apple cores and banana peels?,out-of-scope,todo
can-birds-eat-apple-jacks,birds,Can birds eat apple jacks?,out-of-scope,todo
can-birds-eat-apple-peels,birds,Can birds eat apple peels?,out-of-scope,todo
can-birds-eat-apple-pie,birds,Can birds eat apple pie?,out-of-scope,todo
can-birds-eat-apple-sauce,birds,Can birds eat apple sauce?,out-of-scope,todo
can-birds-eat-apple-seeds,birds,Can birds eat apple seeds?,out-of-scope,todo
can-birds-eat-apple-skin,birds,Can birds eat apple skin?,out-of-scope,todo
can-birds-eat-apples,birds,Can birds eat apples?,out-of-scope,todo
can-birds-eat-apples-wild,birds,Can birds eat apples wild?,out-of-scope,todo
can-birds-eat-apricots,birds,Can birds eat apricots?,out-of-scope,todo
can-birds-eat-artichokes,birds,Can birds eat artichokes?,out-of-scope,todo
can-birds-eat-arugula,birds,Can birds eat arugula?,out-of-scope,todo
can-birds-eat-asparagus,birds,Can birds eat asparagus?,out-of-scope,todo
can-birds-eat-avacado,birds,Can birds eat avacado?,out-of-scope,todo
can-birds-eat-avocado,birds,Can birds eat avocado?,out-of-scope,todo
can-birds-eat-avocados,birds,Can birds eat avocados?,out-of-scope,todo
can-birds-eat-baby-corn,birds,Can birds eat baby corn?,out-of-scope,todo
can-birds-eat-baby-food,birds,Can birds eat baby food?,out-of-scope,todo
can-birds-eat-baby-tomatdoes,birds,Can birds eat baby tomatdoes?,out-of-scope,todo
can-birds-eat-bacon,birds,Can birds eat bacon?,out-of-scope,todo
can-birds-eat-bacon-fat,birds,Can birds eat bacon fat?,out-of-scope,todo
can-birds-eat-bacon-grease,birds,Can birds eat bacon grease?,out-of-scope,todo
can-birds-eat-bacon-grease-and-oats,birds,Can birds eat bacon grease and oats?,out-of-scope,todo
can-birds-eat-bacon-grease-as-lard,birds,Can birds eat bacon grease as lard?,out-of-scope,todo
can-birds-eat-bacon-rind,birds,Can birds eat bacon rind?,out-of-scope,todo
can-birds-eat-bagels,birds,Can birds eat bagels?,out-of-scope,todo
can-birds-eat-baked-beans,birds,Can birds eat baked beans?,out-of-scope,todo
can-birds-eat-baked-potatoes,birds,Can birds eat baked potatoes?,out-of-scope,todo
can-birds-eat-baking-soda,birds,Can birds eat baking soda?,out-of-scope,todo
can-birds-eat-bamboo,birds,Can birds eat bamboo?,out-of-scope,todo
can-birds-eat-banana-bread,birds,Can birds eat banana bread?,out-of-scope,todo
can-birds-eat-banana-cake,birds,Can birds eat banana cake?,out-of-scope,todo
can-birds-eat-banana-chips,birds,Can birds eat banana chips?,out-of-scope,todo
can-birds-eat-banana-peels,birds,Can birds eat banana peels?,out-of-scope,todo
can-birds-eat-banana-peppers,birds,Can birds eat banana peppers?,out-of-scope,todo
can-birds-eat-banana-skin,birds,Can birds eat banana skin?,out-of-scope,todo
can-birds-eat-bananas,birds,Can birds eat bananas?,out-of-scope,todo
can-birds-eat-bannana-nut-bread,birds,Can birds eat bannana nut bread?,out-of-scope,todo
can-birds-eat-bannanas,birds,Can birds eat bannanas?,out-of-scope,todo
can-birds-eat-barley,birds,Can birds eat barley?,out-of-scope,todo
can-birds-eat-barley-flakes,birds,Can birds eat barley flakes?,out-of-scope,todo
can-birds-eat-barley-seed,birds,Can birds eat barley seed?,out-of-scope,todo
can-birds-eat-basil-leaves,birds,Can birds eat basil leaves?,out-of-scope,todo
can-birds-eat-basmati-rice,birds,Can birds eat basmati rice?,out-of-scope,todo
can-birds-eat-bats,birds,Can birds eat bats?,out-of-scope,todo
can-birds-eat-bbq-chips,birds,Can birds eat bbq chips?,out-of-scope,todo
can-birds-eat-bbq-potato-chips-co,birds,Can birds eat bbq potato chips co?,out-of-scope,todo
can-birds-eat-bean-sprouts,birds,Can birds eat bean sprouts?,out-of-scope,todo
can-birds-eat-beans,birds,Can birds eat beans?,out-of-scope,todo
can-birds-eat-bee-pollen,birds,Can birds eat bee pollen?,out-of-scope,todo
can-birds-eat-beef,birds,Can birds eat beef?,out-of-scope,todo
can-birds-eat-beef-dripping,birds,Can birds eat beef dripping?,out-of-scope,todo
can-birds-eat-beef-fat,birds,Can birds eat beef fat?,out-of-scope,todo
can-birds-eat-beef-jerky,birds,Can birds eat beef jerky?,out-of-scope,todo
can-birds-eat-beef-suet,birds,Can birds eat beef suet?,out-of-scope,todo
can-birds-eat-beer-slugs,birds,Can birds eat beer slugs?,out-of-scope,todo
can-birds-eat-bees,birds,Can birds eat bees?,out-of-scope,todo
can-birds-eat-bees-and-wasps,birds,Can birds eat bees and wasps?,out-of-scope,todo
can-birds-eat-beeswax,birds,Can birds eat beeswax?,out-of-scope,todo
can-birds-eat-beet-greens,birds,Can birds eat beet greens?,out-of-scope,todo
can-birds-eat-beetroot,birds,Can birds eat beetroot?,out-of-scope,todo
can-birds-eat-beetroot-leaves,birds,Can birds eat beetroot leaves?,out-of-scope,todo
can-birds-eat-beets,birds,Can birds eat beets?,out-of-scope,todo
can-birds-eat-bell-pepper-seeds,birds,Can birds eat bell pepper seeds?,out-of-scope,todo
can-birds-eat-bell-peppers,birds,Can birds eat bell peppers?,out-of-scope,todo
can-birds-eat-berries,birds,Can birds eat berries?,out-of-scope,todo
can-birds-eat-birds,birds,Can birds eat birds?,out-of-scope,todo
can-birds-eat-biscuit-crumbs,birds,Can birds eat biscuit crumbs?,out-of-scope,todo
can-birds-eat-biscuits,birds,Can birds eat biscuits?,out-of-scope,todo
can-birds-eat-black-bean-hummus,birds,Can birds eat black bean hummus?,out-of-scope,todo
can-birds-eat-black-beans,birds,Can birds eat black beans?,out-of-scope,todo
can-birds-eat-black-chia-seeds,birds,Can birds eat black chia seeds?,out-of-scope,todo
can-birds-eat-black-currants,birds,Can birds eat black currants?,out-of-scope,todo
can-birds-eat-black-olives,birds,Can birds eat black olives?,out-of-scope,todo
can-birds-eat-black-pepper,birds,Can birds eat black pepper?,out-of-scope,todo
can-birds-eat-black-peppercorns,birds,Can birds eat black peppercorns?,out-of-scope,todo
can-birds-eat-black-sesame-seeds,birds,Can birds eat black sesame seeds?,out-of-scope,todo
can-birds-eat-black-walnuts,birds,Can birds eat black walnuts?,out-of-scope,todo
can-birds-eat-black-widow-spiders-without-becoming-ill,birds,Can birds eat black widow spiders without becoming ill?,out-of-scope,todo
can-birds-eat-black-widows,birds,Can birds eat black widows?,out-of-scope,todo
can-birds-eat-blackberries,birds,Can birds eat blackberries?,out-of-scope,todo
can-birds-eat-bloodworms,birds,Can birds eat bloodworms?,out-of-scope,todo
can-birds-eat-blue-cheese,birds,Can birds eat blue cheese?,out-of-scope,todo
can-birds-eat-blue-kurly-kale,birds,Can birds eat blue kurly kale?,out-of-scope,todo
can-birds-eat-blueberries,birds,Can birds eat blueberries?,out-of-scope,todo
can-birds-eat-blueberry-muffins,birds,Can birds eat blueberry muffins?,out-of-scope,todo
can-birds-eat-blueberrys,birds,Can birds eat blueberrys?,out-of-scope,todo
can-birds-eat-boiled-eggs,birds,Can birds eat boiled eggs?,out-of-scope,todo
can-birds-eat-boiled-potatoes,birds,Can birds eat boiled potatoes?,out-of-scope,todo
can-birds-eat-bok-choy,birds,Can birds eat bok choy?,out-of-scope,todo
can-birds-eat-bones,birds,Can birds eat bones?,out-of-scope,todo
can-birds-eat-bran,birds,Can birds eat bran?,out-of-scope,todo
can-birds-eat-bran-cereal,birds,Can birds eat bran cereal?,out-of-scope,todo
can-birds-eat-bran-flakes,birds,Can birds eat bran flakes?,out-of-scope,todo
can-birds-eat-brazil-nuts,birds,Can birds eat brazil nuts?,out-of-scope,todo
can-birds-eat-bread,birds,Can birds eat bread?,out-of-scope,todo
can-birds-eat-bread-audubon-society,birds,Can birds eat bread audubon society?,out-of-scope,todo
can-birds-eat-bread-crumbs,birds,Can birds eat bread crumbs?,out-of-scope,todo
can-birds-eat-bread-crust,birds,Can birds eat bread crust?,out-of-scope,todo
can-birds-eat-bread-safely,birds,Can birds eat bread safely?,out-of-scope,todo
can-birds-eat-bread-that-has-started-to-mold,birds,Can birds eat bread that has started to mold?,out-of-scope,todo
can-birds-eat-bread-with-butter,birds,Can birds eat bread with butter?,out-of-scope,todo
can-birds-eat-bread-with-mold-on-it,birds,Can birds eat bread with mold on it?,out-of-scope,todo
can-birds-eat-breakfast-cereal,birds,Can birds eat breakfast cereal?,out-of-scope,todo
can-birds-eat-broccoli,birds,Can birds eat broccoli?,out-of-scope,todo
can-birds-eat-brown-bread,birds,Can birds eat brown bread?,out-of-scope,todo
can-birds-eat-brussel-sprouts,birds,Can birds eat brussel sprouts?,out-of-scope,todo
can-birds-eat-bulgur-wheat,birds,Can birds eat bulgur wheat?,out-of-scope,todo
can-birds-eat-butter,birds,Can birds eat butter?,out-of-scope,todo
can-birds-eat-buttered-popcorn,birds,Can birds eat buttered popcorn?,out-of-scope,todo
can-birds-eat-butternut-squash,birds,Can birds eat butternut squash?,out-of-scope,todo
can-birds-eat-butternut-squash-seeds,birds,Can birds eat butternut squash seeds?,out-of-scope,todo
can-birds-eat-cabbage,birds,Can birds eat cabbage?,out-of-scope,todo
can-birds-eat-cabbage-leaves,birds,Can birds eat cabbage leaves?,out-of-scope,todo
can-birds-eat-cake,birds,Can birds eat cake?,out-of-scope,todo
can-birds-eat-candy,birds,Can birds eat candy?,out-of-scope,todo
can-birds-eat-canned-corn,birds,Can birds eat canned corn?,out-of-scope,todo
can-birds-eat-cantaloupe,birds,Can birds eat cantaloupe?,out-of-scope,todo
can-birds-eat-cantaloupe-seeds,birds,Can birds eat cantaloupe seeds?,out-of-scope,todo
can-birds-eat-capsicum,birds,Can birds eat capsicum?,out-of-scope,todo
can-birds-eat-capsicum-seeds,birds,Can birds eat capsicum seeds?,out-of-scope,todo
can-birds-eat-caramel-popcorn,birds,Can birds eat caramel popcorn?,out-of-scope,todo
can-birds-eat-caraway-seeds,birds,Can birds eat caraway seeds?,out-of-scope,todo
can-birds-eat-cardamom-seeds,birds,Can birds eat cardamom seeds?,out-of-scope,todo
can-birds-eat-carrots,birds,Can birds eat carrots?,out-of-scope,todo
can-birds-eat-cashew-nuts,birds,Can birds eat cashew nuts?,out-of-scope,todo
can-birds-eat-cashews,birds,Can birds eat cashews?,out-of-scope,todo
can-birds-eat-cat-biscuits,birds,Can birds eat cat biscuits?,out-of-scope,todo
can-birds-eat-cat-food,birds,Can birds eat cat food?,out-of-scope,todo
can-birds-eat-catnip,birds,Can birds eat catnip?,out-of-scope,todo
can-birds-eat-cauliflower,birds,Can birds eat cauliflower?,out-of-scope,todo
can-birds-eat-cayenne-pepper,birds,Can birds eat cayenne pepper?,out-of-scope,todo
can-birds-eat-celery,birds,Can birds eat celery?,out-of-scope,todo
can-birds-eat-celery-leaves,birds,Can birds eat celery leaves?,out-of-scope,todo
can-birds-eat-cereal,birds,Can birds eat cereal?,out-of-scope,todo
can-birds-eat-cheddar-cheese,birds,Can birds eat cheddar cheese?,out-of-scope,todo
can-birds-eat-cheerios,birds,Can birds eat cheerios?,out-of-scope,todo
can-birds-eat-cheese,birds,Can birds eat cheese?,out-of-scope,todo
can-birds-eat-cheese-puffs,birds,Can birds eat cheese puffs?,out-of-scope,todo
can-birds-eat-cheetos,birds,Can birds eat cheetos?,out-of-scope,todo
can-birds-eat-cherries,birds,Can birds eat cherries?,out-of-scope,todo
can-birds-eat-cherry-pits,birds,Can birds eat cherry pits?,out-of-scope,todo
can-birds-eat-cherry-tomatoes,birds,Can birds eat cherry tomatoes?,out-of-scope,todo
can-birds-eat-chestnuts,birds,Can birds eat chestnuts?,out-of-scope,todo
can-birds-eat-chex-cereal,birds,Can birds eat chex cereal?,out-of-scope,todo
can-birds-eat-chia,birds,Can birds eat chia?,out-of-scope,todo
can-birds-eat-chia-seeds,birds,Can birds eat chia seeds?,out-of-scope,todo
can-birds-eat-chia-seeds-uk,birds,Can birds eat chia seeds uk?,out-of-scope,todo
can-birds-eat-chicken,birds,Can birds eat chicken?,out-of-scope,todo
can-birds-eat-chicken-fat,birds,Can birds eat chicken fat?,out-of-scope,todo
can-birds-eat-chicken-feed,birds,Can birds eat chicken feed?,out-of-scope,todo
can-birds-eat-chicken-food,birds,Can birds eat chicken food?,out-of-scope,todo
can-birds-eat-chicken-nuggets,birds,Can birds eat chicken nuggets?,out-of-scope,todo
can-birds-eat-chickpeas,birds,Can birds eat chickpeas?,out-of-scope,todo
can-birds-eat-chili,birds,Can birds eat chili?,out-of-scope,todo
can-birds-eat-chili-peppers,birds,Can birds eat chili peppers?,out-of-scope,todo
can-birds-eat-chilli,birds,Can birds eat chilli?,out-of-scope,todo
can-birds-eat-chilli-seeds,birds,Can birds eat chilli seeds?,out-of-scope,todo
can-birds-eat-chillies,birds,Can birds eat chillies?,out-of-scope,todo
can-birds-eat-chips,birds,Can birds eat chips?,out-of-scope,todo
can-birds-eat-chives,birds,Can birds eat chives?,out-of-scope,todo
can-birds-eat-chocolate,birds,Can birds eat chocolate?,out-of-scope,todo
can-birds-eat-chocolate-biscuits,birds,Can birds eat chocolate biscuits?,out-of-scope,todo
can-birds-eat-chocolate-cake,birds,Can birds eat chocolate cake?,out-of-scope,todo
can-birds-eat-chocolate-chip-cookies,birds,Can birds eat chocolate chip cookies?,out-of-scope,todo
can-birds-eat-cicadas,birds,Can birds eat cicadas?,out-of-scope,todo
can-birds-eat-cilantro,birds,Can birds eat cilantro?,out-of-scope,todo
can-birds-eat-cinnamon,birds,Can birds eat cinnamon?,out-of-scope,todo
can-birds-eat-cinnamon-raisin-bread,birds,Can birds eat cinnamon raisin bread?,out-of-scope,todo
can-birds-eat-citrus,birds,Can birds eat citrus?,out-of-scope,todo
can-birds-eat-citrus-fruits,birds,Can birds eat citrus fruits?,out-of-scope,todo
can-birds-eat-clementines,birds,Can birds eat clementines?,out-of-scope,todo
can-birds-eat-coco-pops,birds,Can birds eat coco pops?,out-of-scope,todo
can-birds-eat-coconut,birds,Can birds eat coconut?,out-of-scope,todo
can-birds-eat-coconut-flakes,birds,Can birds eat coconut flakes?,out-of-scope,todo
can-birds-eat-coconut-oil,birds,Can birds eat coconut oil?,out-of-scope,todo
can-birds-eat-coffee-beans,birds,Can birds eat coffee beans?,out-of-scope,todo
can-birds-eat-cooked-beans,birds,Can birds eat cooked beans?,out-of-scope,todo
can-birds-eat-cooked-corn,birds,Can birds eat cooked corn?,out-of-scope,todo
can-birds-eat-cooked-lentils,birds,Can birds eat cooked lentils?,out-of-scope,todo
can-birds-eat-cooked-oatmeal,birds,Can birds eat cooked oatmeal?,out-of-scope,todo
can-birds-eat-cooked-pasta,birds,Can birds eat cooked pasta?,out-of-scope,todo
can-birds-eat-cooked-pork-fat,birds,Can birds eat cooked pork fat?,out-of-scope,todo
can-birds-eat-cooked-potato-skins,birds,Can birds eat cooked potato skins?,out-of-scope,todo
can-birds-eat-cooked-quinoa,birds,Can birds eat cooked quinoa?,out-of-scope,todo
can-birds-eat-cooked-rice,birds,Can birds eat cooked rice?,out-of-scope,todo
can-birds-eat-cooked-white-rice,birds,Can birds eat cooked white rice?,out-of-scope,todo
can-birds-eat-cookies,birds,Can birds eat cookies?,out-of-scope,todo
can-birds-eat-corn,birds,Can birds eat corn?,out-of-scope,todo
can-birds-eat-corn-kernels,birds,Can birds eat corn kernels?,out-of-scope,todo
can-birds-eat-corn-meal,birds,Can birds eat corn meal?,out-of-scope,todo
can-birds-eat-corn-on-the-cob,birds,Can birds eat corn on the cob?,out-of-scope,todo
can-birds-eat-corn-syrup,birds,Can birds eat corn syrup?,out-of-scope,todo
can-birds-eat-corn-tortillas,birds,Can birds eat corn tortillas?,out-of-scope,todo
can-birds-eat-cornbread,birds,Can birds eat cornbread?,out-of-scope,todo
can-birds-eat-cornflakes,birds,Can birds eat cornflakes?,out-of-scope,todo
can-birds-eat-cornmeal,birds,Can birds eat cornmeal?,out-of-scope,todo
can-birds-eat-couscous,birds,Can birds eat couscous?,out-of-scope,todo
can-birds-eat-cracked-corn,birds,Can birds eat cracked corn?,out-of-scope,todo
can-birds-eat-crackers,birds,Can birds eat crackers?,out-of-scope,todo
can-birds-eat-craisins,birds,Can birds eat craisins?,out-of-scope,todo
can-birds-eat-cranberries,birds,Can birds eat cranberries?,out-of-scope,todo
can-birds-eat-cream-cheese,birds,Can birds eat cream cheese?,out-of-scope,todo
can-birds-eat-crisco,birds,Can birds eat crisco?,out-of-scope,todo
can-birds-eat-croissants,birds,Can birds eat croissants?,out-of-scope,todo
can-birds-eat-crunchy-peanut-butter,birds,Can birds eat crunchy peanut butter?,out-of-scope,todo
can-birds-eat-cucumber,birds,Can birds eat cucumber?,out-of-scope,todo
can-birds-eat-cucumbers,birds,Can birds eat cucumbers?,out-of-scope,todo
can-birds-eat-currants,birds,Can birds eat currants?,out-of-scope,todo
can-birds-eat-dairy,birds,Can birds eat dairy?,out-of-scope,todo
can-birds-eat-dandelions,birds,Can birds eat dandelions?,out-of-scope,todo
can-birds-eat-dates,birds,Can birds eat dates?,out-of-scope,todo
can-birds-eat-desiccated-coconut,birds,Can birds eat desiccated coconut?,out-of-scope,todo
can-birds-eat-diatomaceous-earth,birds,Can birds eat diatomaceous earth?,out-of-scope,todo
can-birds-eat-dog-biscuits,birds,Can birds eat dog biscuits?,out-of-scope,todo
can-birds-eat-dog-food,birds,Can birds eat dog food?,out-of-scope,todo
can-birds-eat-donuts,birds,Can birds eat donuts?,out-of-scope,todo
can-birds-eat-doritos,birds,Can birds eat doritos?,out-of-scope,todo
can-birds-eat-dragon-fruit,birds,Can birds eat dragon fruit?,out-of-scope,todo
can-birds-eat-dragon-fruit-seeds,birds,Can birds eat dragon fruit seeds?,out-of-scope,todo
can-birds-eat-dried-apricots,birds,Can birds eat dried apricots?,out-of-scope,todo
can-birds-eat-dried-beans,birds,Can birds eat dried beans?,out-of-scope,todo
can-birds-eat-dried-cherries,birds,Can birds eat dried cherries?,out-of-scope,todo
can-birds-eat-dried-cranberries,birds,Can birds eat dried cranberries?,out-of-scope,todo
can-birds-eat-dried-fruit,birds,Can birds eat dried fruit?,out-of-scope,todo
can-birds-eat-dried-lentils,birds,Can birds eat dried lentils?,out-of-scope,todo
can-birds-eat-dried-mealworms,birds,Can birds eat dried mealworms?,out-of-scope,todo
can-birds-eat-dried-peas,birds,Can birds eat dried peas?,out-of-scope,todo
can-birds-eat-dried-raisins,birds,Can birds eat dried raisins?,out-of-scope,todo
can-birds-eat-dry-cat-food,birds,Can birds eat dry cat food?,out-of-scope,todo
can-birds-eat-dry-chia-seeds,birds,Can birds eat dry chia seeds?,out-of-scope,todo
can-birds-eat-dry-oatmeal,birds,Can birds eat dry oatmeal?,out-of-scope,todo
can-birds-eat-dry-rice,birds,Can birds eat dry rice?,out-of-scope,todo
can-birds-eat-dry-roasted-peanuts,birds,Can birds eat dry roasted peanuts?,out-of-scope,todo
can-birds-eat-dry-roasted-unsalted-peanuts,birds,Can birds eat dry roasted unsalted peanuts?,out-of-scope,todo
can-birds-eat-edamame,birds,Can birds eat edamame?,out-of-scope,todo
can-birds-eat-egg,birds,Can birds eat egg?,out-of-scope,todo
can-birds-eat-egg-shells,birds,Can birds eat egg shells?,out-of-scope,todo
can-birds-eat-egg-yolk,birds,Can birds eat egg yolk?,out-of-scope,todo
can-birds-eat-eggplant,birds,Can birds eat eggplant?,out-of-scope,todo
can-birds-eat-eggs,birds,Can birds eat eggs?,out-of-scope,todo
can-birds-eat-eggshells,birds,Can birds eat eggshells?,out-of-scope,todo
can-birds-eat-elderberries,birds,Can birds eat elderberries?,out-of-scope,todo
can-birds-eat-farro,birds,Can birds eat farro?,out-of-scope,todo
can-birds-eat-fat,birds,Can birds eat fat?,out-of-scope,todo
can-birds-eat-fat-from-cooking,birds,Can birds eat fat from cooking?,out-of-scope,todo
can-birds-eat-fat-soaked-oats,birds,Can birds eat fat soaked oats?,out-of-scope,todo
can-birds-eat-fennel-seeds,birds,Can birds eat fennel seeds?,out-of-scope,todo
can-birds-eat-fenugreek-seeds,birds,Can birds eat fenugreek seeds?,out-of-scope,todo
can-birds-eat-figs,birds,Can birds eat figs?,out-of-scope,todo
can-birds-eat-fish,birds,Can birds eat fish?,out-of-scope,todo
can-birds-eat-fish-food,birds,Can birds eat fish food?,out-of-scope,todo
can-birds-eat-fish-food-pellets,birds,Can birds eat fish food pellets?,out-of-scope,todo
can-birds-eat-flax-and-chia-seeds,birds,Can birds eat flax and chia seeds?,out-of-scope,todo
can-birds-eat-flax-seed,birds,Can birds eat flax seed?,out-of-scope,todo
can-birds-eat-flax-seeds,birds,Can birds eat flax seeds?,out-of-scope,todo
can-birds-eat-flaxseed,birds,Can birds eat flaxseed?,out-of-scope,todo
can-birds-eat-flour,birds,Can birds eat flour?,out-of-scope,todo
can-birds-eat-flour-tortillas,birds,Can birds eat flour tortillas?,out-of-scope,todo
can-birds-eat-flowers,birds,Can birds eat flowers?,out-of-scope,todo
can-birds-eat-freeze-dried-fruit,birds,Can birds eat freeze dried fruit?,out-of-scope,todo
can-birds-eat-french-fries,birds,Can birds eat french fries?,out-of-scope,todo
can-birds-eat-fresh-cranberries,birds,Can birds eat fresh cranberries?,out-of-scope,todo
can-birds-eat-frosted-flakes,birds,Can birds eat frosted flakes?,out-of-scope,todo
can-birds-eat-frozen-fruit,birds,Can birds eat frozen fruit?,out-of-scope,todo
can-birds-eat-frozen-suet,birds,Can birds eat frozen suet?,out-of-scope,todo
can-birds-eat-fruit,birds,Can birds eat fruit?,out-of-scope,todo
can-birds-eat-fruit-cake,birds,Can birds eat fruit cake?,out-of-scope,todo
can-birds-eat-fruit-loops,birds,Can birds eat fruit loops?,out-of-scope,todo
can-birds-eat-fruits,birds,Can birds eat fruits?,out-of-scope,todo
can-birds-eat-garlic,birds,Can birds eat garlic?,out-of-scope,todo
can-birds-eat-garlic-bread,birds,Can birds eat garlic bread?,out-of-scope,todo
can-birds-eat-gelatin,birds,Can birds eat gelatin?,out-of-scope,todo
can-birds-eat-ginger,birds,Can birds eat ginger?,out-of-scope,todo
can-birds-eat-gingerbread,birds,Can birds eat gingerbread?,out-of-scope,todo
can-birds-eat-gingerbread-houses,birds,Can birds eat gingerbread houses?,out-of-scope,todo
can-birds-eat-gluten-free-bread,birds,Can birds eat gluten free bread?,out-of-scope,todo
can-birds-eat-goji-berries,birds,Can birds eat goji berries?,out-of-scope,todo
can-birds-eat-goldfish,birds,Can birds eat goldfish?,out-of-scope,todo
can-birds-eat-goldfish-crackers,birds,Can birds eat goldfish crackers?,out-of-scope,todo
can-birds-eat-graham-crackers,birds,Can birds eat graham crackers?,out-of-scope,todo
can-birds-eat-granola,birds,Can birds eat granola?,out-of-scope,todo
can-birds-eat-granola-bars,birds,Can birds eat granola bars?,out-of-scope,todo
can-birds-eat-granola-cereal,birds,Can birds eat granola cereal?,out-of-scope,todo
can-birds-eat-grape-nuts,birds,Can birds eat grape nuts?,out-of-scope,todo
can-birds-eat-grapefruit,birds,Can birds eat grapefruit?,out-of-scope,todo
can-birds-eat-grapes,birds,Can birds eat grapes?,out-of-scope,todo
can-birds-eat-grapes-with-seeds,birds,Can birds eat grapes with seeds?,out-of-scope,todo
can-birds-eat-grass,birds,Can birds eat grass?,out-of-scope,todo
can-birds-eat-grass-seed,birds,Can birds eat grass seed?,out-of-scope,todo
can-birds-eat-green-apples,birds,Can birds eat green apples?,out-of-scope,todo
can-birds-eat-green-beans,birds,Can birds eat green beans?,out-of-scope,todo
can-birds-eat-green-pumpkin-seeds,birds,Can birds eat green pumpkin seeds?,out-of-scope,todo
can-birds-eat-grits,birds,Can birds eat grits?,out-of-scope,todo
can-birds-eat-gum,birds,Can birds eat gum?,out-of-scope,todo
can-birds-eat-gummy-bears,birds,Can birds eat gummy bears?,out-of-scope,todo
can-birds-eat-ham,birds,Can birds eat ham?,out-of-scope,todo
can-birds-eat-hamburger-grease,birds,Can birds eat hamburger grease?,out-of-scope,todo
can-birds-eat-hard-boiled-eggs,birds,Can birds eat hard boiled eggs?,out-of-scope,todo
can-birds-eat-hazelnuts,birds,Can birds eat hazelnuts?,out-of-scope,todo
can-birds-eat-hemp-hearts,birds,Can birds eat hemp hearts?,out-of-scope,todo
can-birds-eat-hemp-seeds,birds,Can birds eat hemp seeds?,out-of-scope,todo
can-birds-eat-hibiscus-flowers,birds,Can birds eat hibiscus flowers?,out-of-scope,todo
can-birds-eat-holly-berries,birds,Can birds eat holly berries?,out-of-scope,todo
can-birds-eat-honey,birds,Can birds eat honey?,out-of-scope,todo
can-birds-eat-honey-nut-cheerios,birds,Can birds eat honey nut cheerios?,out-of-scope,todo
can-birds-eat-honey-roasted-peanuts,birds,Can birds eat honey roasted peanuts?,out-of-scope,todo
can-birds-eat-honeydew-melon-seeds,birds,Can birds eat honeydew melon seeds?,out-of-scope,todo
can-birds-eat-hot-cheetos,birds,Can birds eat hot cheetos?,out-of-scope,todo
can-birds-eat-hot-dogs,birds,Can birds eat hot dogs?,out-of-scope,todo
can-birds-eat-hot-peppers,birds,Can birds eat hot peppers?,out-of-scope,todo
can-birds-eat-human-food,birds,Can birds eat human food?,out-of-scope,todo
can-birds-eat-human-peanut-butter,birds,Can birds eat human peanut butter?,out-of-scope,todo
can-birds-eat-hummus,birds,Can birds eat hummus?,out-of-scope,todo
can-birds-eat-ice-cream,birds,Can birds eat ice cream?,out-of-scope,todo
can-birds-eat-ice-cream-cones,birds,Can birds eat ice cream cones?,out-of-scope,todo
can-birds-eat-iceberg-lettuce,birds,Can birds eat iceberg lettuce?,out-of-scope,todo
can-birds-eat-icing,birds,Can birds eat icing?,out-of-scope,todo
can-birds-eat-indian-corn,birds,Can birds eat indian corn?,out-of-scope,todo
can-birds-eat-instant-oatmeal,birds,Can birds eat instant oatmeal?,out-of-scope,todo
can-birds-eat-jalapenos,birds,Can birds eat jalapenos?,out-of-scope,todo
can-birds-eat-jam,birds,Can birds eat jam?,out-of-scope,todo
can-birds-eat-jelly,birds,Can birds eat jelly?,out-of-scope,todo
can-birds-eat-jicama,birds,Can birds eat jicama?,out-of-scope,todo
can-birds-eat-kale,birds,Can birds eat kale?,out-of-scope,todo
can-birds-eat-kiwi,birds,Can birds eat kiwi?,out-of-scope,todo
can-birds-eat-kiwi-fruit,birds,Can birds eat kiwi fruit?,out-of-scope,todo
can-birds-eat-lard,birds,Can birds eat lard?,out-of-scope,todo
can-birds-eat-lard-instead-of-suet,birds,Can birds eat lard instead of suet?,out-of-scope,todo
can-birds-eat-leaves,birds,Can birds eat leaves?,out-of-scope,todo
can-birds-eat-lemons,birds,Can birds eat lemons?,out-of-scope,todo
can-birds-eat-lentils,birds,Can birds eat lentils?,out-of-scope,todo
can-birds-eat-lentils-and-split-peas,birds,Can birds eat lentils and split peas?,out-of-scope,todo
can-birds-eat-lettuce,birds,Can birds eat lettuce?,out-of-scope,todo
can-birds-eat-linseed,birds,Can birds eat linseed?,out-of-scope,todo
can-birds-eat-macadamia-nuts,birds,Can birds eat macadamia nuts?,out-of-scope,todo
can-birds-eat-maggots,birds,Can birds eat maggots?,out-of-scope,todo
can-birds-eat-mandarin-oranges,birds,Can birds eat mandarin oranges?,out-of-scope,todo
can-birds-eat-mango-skin,birds,Can birds eat mango skin?,out-of-scope,todo
can-birds-eat-mangoes,birds,Can birds eat mangoes?,out-of-scope,todo
can-birds-eat-maple-syrup,birds,Can birds eat maple syrup?,out-of-scope,todo
can-birds-eat-margarine,birds,Can birds eat margarine?,out-of-scope,todo
can-birds-eat-mashed-potato,birds,Can birds eat mashed potato?,out-of-scope,todo
can-birds-eat-mealworms,birds,Can birds eat mealworms?,out-of-scope,todo
can-birds-eat-meat,birds,Can birds eat meat?,out-of-scope,todo
can-birds-eat-melon,birds,Can birds eat melon?,out-of-scope,todo
can-birds-eat-melon-seeds,birds,Can birds eat melon seeds?,out-of-scope,todo
can-birds-eat-microwave-popcorn,birds,Can birds eat microwave popcorn?,out-of-scope,todo
can-birds-eat-millet,birds,Can birds eat millet?,out-of-scope,todo
can-birds-eat-mint,birds,Can birds eat mint?,out-of-scope,todo
can-birds-eat-mixed-nuts,birds,Can birds eat mixed nuts?,out-of-scope,todo
can-birds-eat-moldy-bread,birds,Can birds eat moldy bread?,out-of-scope,todo
can-birds-eat-moldy-sunflower-seeds,birds,Can birds eat moldy sunflower seeds?,out-of-scope,todo
can-birds-eat-monarch-butterflies,birds,Can birds eat monarch butterflies?,out-of-scope,todo
can-birds-eat-monkey-nuts,birds,Can birds eat monkey nuts?,out-of-scope,todo
can-birds-eat-mouldy-bread,birds,Can birds eat mouldy bread?,out-of-scope,todo
can-birds-eat-mozzarella-cheese,birds,Can birds eat mozzarella cheese?,out-of-scope,todo
can-birds-eat-muesli,birds,Can birds eat muesli?,out-of-scope,todo
can-birds-eat-muffins,birds,Can birds eat muffins?,out-of-scope,todo
can-birds-eat-mushrooms,birds,Can birds eat mushrooms?,out-of-scope,todo
can-birds-eat-mustard-seeds,birds,Can birds eat mustard seeds?,out-of-scope,todo
can-birds-eat-nectarines,birds,Can birds eat nectarines?,out-of-scope,todo
can-birds-eat-nutella,birds,Can birds eat nutella?,out-of-scope,todo
can-birds-eat-nuts,birds,Can birds eat nuts?,out-of-scope,todo
can-birds-eat-oat-bran,birds,Can birds eat oat bran?,out-of-scope,todo
can-birds-eat-oatmeal,birds,Can birds eat oatmeal?,out-of-scope,todo
can-birds-eat-oatmeal-cookies,birds,Can birds eat oatmeal cookies?,out-of-scope,todo
can-birds-eat-oats,birds,Can birds eat oats?,out-of-scope,todo
can-birds-eat-old-fashioned-oats,birds,Can birds eat old fashioned oats?,out-of-scope,todo
can-birds-eat-olive-oil,birds,Can birds eat olive oil?,out-of-scope,todo
can-birds-eat-olives,birds,Can birds eat olives?,out-of-scope,todo
can-birds-eat-onion,birds,Can birds eat onion?,out-of-scope,todo
can-birds-eat-orange-peels,birds,Can birds eat orange peels?,out-of-scope,todo
can-birds-eat-oranges,birds,Can birds eat oranges?,out-of-scope,todo
can-birds-eat-pancakes,birds,Can birds eat pancakes?,out-of-scope,todo
can-birds-eat-papaya,birds,Can birds eat papaya?,out-of-scope,todo
can-birds-eat-papaya-seeds,birds,Can birds eat papaya seeds?,out-of-scope,todo
can-birds-eat-paper,birds,Can birds eat paper?,out-of-scope,todo
can-birds-eat-parsley,birds,Can birds eat parsley?,out-of-scope,todo
can-birds-eat-passion-fruit,birds,Can birds eat passion fruit?,out-of-scope,todo
can-birds-eat-pasta,birds,Can birds eat pasta?,out-of-scope,todo
can-birds-eat-pasta-with-sauce,birds,Can birds eat pasta with sauce?,out-of-scope,todo
can-birds-eat-pastry,birds,Can birds eat pastry?,out-of-scope,todo
can-birds-eat-peach,birds,Can birds eat peach?,out-of-scope,todo
can-birds-eat-peaches,birds,Can birds eat peaches?,out-of-scope,todo
can-birds-eat-peanut-butter,birds,Can birds eat peanut butter?,out-of-scope,todo
can-birds-eat-peanut-shells,birds,Can birds eat peanut shells?,out-of-scope,todo
can-birds-eat-peanuts,birds,Can birds eat peanuts?,out-of-scope,todo
can-birds-eat-peanuts-in-the-shell,birds,Can birds eat peanuts in the shell?,out-of-scope,todo
can-birds-eat-pears,birds,Can birds eat pears?,out-of-scope,todo
can-birds-eat-peas,birds,Can birds eat peas?,out-of-scope,todo
can-birds-eat-pecan-nuts,birds,Can birds eat pecan nuts?,out-of-scope,todo
can-birds-eat-pecans,birds,Can birds eat pecans?,out-of-scope,todo
can-birds-eat-pepita-seeds,birds,Can birds eat pepita seeds?,out-of-scope,todo
can-birds-eat-pepper-seeds,birds,Can birds eat pepper seeds?,out-of-scope,todo
can-birds-eat-pepperoni,birds,Can birds eat pepperoni?,out-of-scope,todo
can-birds-eat-peppers,birds,Can birds eat peppers?,out-of-scope,todo
can-birds-eat-persimmons,birds,Can birds eat persimmons?,out-of-scope,todo
can-birds-eat-pickles,birds,Can birds eat pickles?,out-of-scope,todo
can-birds-eat-pine-nuts,birds,Can birds eat pine nuts?,out-of-scope,todo
can-birds-eat-pineapple,birds,Can birds eat pineapple?,out-of-scope,todo
can-birds-eat-pistachio-nuts,birds,Can birds eat pistachio nuts?,out-of-scope,todo
can-birds-eat-pistachio-shells,birds,Can birds eat pistachio shells?,out-of-scope,todo
can-birds-eat-pistachios,birds,Can birds eat pistachios?,out-of-scope,todo
can-birds-eat-pizza,birds,Can birds eat pizza?,out-of-scope,todo
can-birds-eat-pizza-crust,birds,Can birds eat pizza crust?,out-of-scope,todo
can-birds-eat-plums,birds,Can birds eat plums?,out-of-scope,todo
can-birds-eat-poisonous-berries,birds,Can birds eat poisonous berries?,out-of-scope,todo
can-birds-eat-pokeweed-berries,birds,Can birds eat pokeweed berries?,out-of-scope,todo
can-birds-eat-polenta,birds,Can birds eat polenta?,out-of-scope,todo
can-birds-eat-pomegranate,birds,Can birds eat pomegranate?,out-of-scope,todo
can-birds-eat-pomegranate-seeds,birds,Can birds eat pomegranate seeds?,out-of-scope,todo
can-birds-eat-popcorn,birds,Can birds eat popcorn?,out-of-scope,todo
can-birds-eat-popcorn-and-cranberries,birds,Can birds eat popcorn and cranberries?,out-of-scope,todo
can-birds-eat-popcorn-kernels,birds,Can birds eat popcorn kernels?,out-of-scope,todo
can-birds-eat-popcorn-seeds,birds,Can birds eat popcorn seeds?,out-of-scope,todo
can-birds-eat-popcorn-with-butter,birds,Can birds eat popcorn with butter?,out-of-scope,todo
can-birds-eat-popped-corn,birds,Can birds eat popped corn?,out-of-scope,todo
can-birds-eat-popped-popcorn,birds,Can birds eat popped popcorn?,out-of-scope,todo
can-birds-eat-popping-corn,birds,Can birds eat popping corn?,out-of-scope,todo
can-birds-eat-poppy-seeds,birds,Can birds eat poppy seeds?,out-of-scope,todo
can-birds-eat-popsicles,birds,Can birds eat popsicles?,out-of-scope,todo
can-birds-eat-pork,birds,Can birds eat pork?,out-of-scope,todo
can-birds-eat-pork-fat,birds,Can birds eat pork fat?,out-of-scope,todo
can-birds-eat-porridge,birds,Can birds eat porridge?,out-of-scope,todo
can-birds-eat-porridge-oats,birds,Can birds eat porridge oats?,out-of-scope,todo
can-birds-eat-potato-chips,birds,Can birds eat potato chips?,out-of-scope,todo
can-birds-eat-potatoes,birds,Can birds eat potatoes?,out-of-scope,todo
can-birds-eat-prawn-crackers,birds,Can birds eat prawn crackers?,out-of-scope,todo
can-birds-eat-prawns,birds,Can birds eat prawns?,out-of-scope,todo
can-birds-eat-pretzels,birds,Can birds eat pretzels?,out-of-scope,todo
can-birds-eat-prunes,birds,Can birds eat prunes?,out-of-scope,todo
can-birds-eat-puffed-rice,birds,Can birds eat puffed rice?,out-of-scope,todo
can-birds-eat-pumpkin,birds,Can birds eat pumpkin?,out-of-scope,todo
can-birds-eat-pumpkin-pie,birds,Can birds eat pumpkin pie?,out-of-scope,todo
can-birds-eat-pumpkin-seeds,birds,Can birds eat pumpkin seeds?,out-of-scope,todo
can-birds-eat-pumpkin-seeds-uk,birds,Can birds eat pumpkin seeds uk?,out-of-scope,todo
can-birds-eat-pumpkin-seeds-with-salt,birds,Can birds eat pumpkin seeds with salt?,out-of-scope,todo
can-birds-eat-quaker-oats,birds,Can birds eat quaker oats?,out-of-scope,todo
can-birds-eat-quick-oats,birds,Can birds eat quick oats?,out-of-scope,todo
can-birds-eat-quinoa,birds,Can birds eat quinoa?,out-of-scope,todo
can-birds-eat-quinoa-raw,birds,Can birds eat quinoa raw?,out-of-scope,todo
can-birds-eat-quinoa-seeds,birds,Can birds eat quinoa seeds?,out-of-scope,todo
can-birds-eat-rabbit-food,birds,Can birds eat rabbit food?,out-of-scope,todo
can-birds-eat-rabbit-pellets,birds,Can birds eat rabbit pellets?,out-of-scope,todo
can-birds-eat-radish-leaves,birds,Can birds eat radish leaves?,out-of-scope,todo
can-birds-eat-radishes,birds,Can birds eat radishes?,out-of-scope,todo
can-birds-eat-raisin-bran-cereal,birds,Can birds eat raisin bran cereal?,out-of-scope,todo
can-birds-eat-raisin-bread,birds,Can birds eat raisin bread?,out-of-scope,todo
can-birds-eat-raisins,birds,Can birds eat raisins?,out-of-scope,todo
can-birds-eat-raisins-and-sultanas,birds,Can birds eat raisins and sultanas?,out-of-scope,todo
can-birds-eat-ramen-noodles,birds,Can birds eat ramen noodles?,out-of-scope,todo
can-birds-eat-rancid-nuts,birds,Can birds eat rancid nuts?,out-of-scope,todo
can-birds-eat-rasins,birds,Can birds eat rasins?,out-of-scope,todo
can-birds-eat-raspberries,birds,Can birds eat raspberries?,out-of-scope,todo
can-birds-eat-raw-almonds,birds,Can birds eat raw almonds?,out-of-scope,todo
can-birds-eat-raw-bacon,birds,Can birds eat raw bacon?,out-of-scope,todo
can-birds-eat-raw-carrots,birds,Can birds eat raw carrots?,out-of-scope,todo
can-birds-eat-raw-chia-seeds,birds,Can birds eat raw chia seeds?,out-of-scope,todo
can-birds-eat-raw-chicken,birds,Can birds eat raw chicken?,out-of-scope,todo
can-birds-eat-raw-corn,birds,Can birds eat raw corn?,out-of-scope,todo
can-birds-eat-raw-cornmeal,birds,Can birds eat raw cornmeal?,out-of-scope,todo
can-birds-eat-raw-eggs,birds,Can birds eat raw eggs?,out-of-scope,todo
can-birds-eat-raw-oatmeal,birds,Can birds eat raw oatmeal?,out-of-scope,todo
can-birds-eat-raw-oats,birds,Can birds eat raw oats?,out-of-scope,todo
can-birds-eat-raw-peanuts,birds,Can birds eat raw peanuts?,out-of-scope,todo
can-birds-eat-raw-potatoes,birds,Can birds eat raw potatoes?,out-of-scope,todo
can-birds-eat-raw-pumpkin,birds,Can birds eat raw pumpkin?,out-of-scope,todo
can-birds-eat-raw-pumpkin-seeds,birds,Can birds eat raw pumpkin seeds?,out-of-scope,todo
can-birds-eat-raw-quinoa,birds,Can birds eat raw quinoa?,out-of-scope,todo
can-birds-eat-raw-rice,birds,Can birds eat raw rice?,out-of-scope,todo
can-birds-eat-red-peppers,birds,Can birds eat red peppers?,out-of-scope,todo
can-birds-eat-regular-peanut-butter,birds,Can birds eat regular peanut butter?,out-of-scope,todo
can-birds-eat-rhubarb,birds,Can birds eat rhubarb?,out-of-scope,todo
can-birds-eat-rice,birds,Can birds eat rice?,out-of-scope,todo
can-birds-eat-rice-cakes,birds,Can birds eat rice cakes?,out-of-scope,todo
can-birds-eat-rice-grains,birds,Can birds eat rice grains?,out-of-scope,todo
can-birds-eat-rice-krispies,birds,Can birds eat rice krispies?,out-of-scope,todo
can-birds-eat-rice-krispies-cereal,birds,Can birds eat rice krispies cereal?,out-of-scope,todo
can-birds-eat-ritz-crackers,birds,Can birds eat ritz crackers?,out-of-scope,todo
can-birds-eat-roasted-peanuts,birds,Can birds eat roasted peanuts?,out-of-scope,todo
can-birds-eat-roasted-pumpkin-seeds,birds,Can birds eat roasted pumpkin seeds?,out-of-scope,todo
can-birds-eat-roasted-salted-sunflower-seeds,birds,Can birds eat roasted salted sunflower seeds?,out-of-scope,todo
can-birds-eat-roasted-sunflower-seeds,birds,Can birds eat roasted sunflower seeds?,out-of-scope,todo
can-birds-eat-rolled-oats,birds,Can birds eat rolled oats?,out-of-scope,todo
can-birds-eat-rosemary,birds,Can birds eat rosemary?,out-of-scope,todo
can-birds-eat-rye-bread,birds,Can birds eat rye bread?,out-of-scope,todo
can-birds-eat-salmon,birds,Can birds eat salmon?,out-of-scope,todo
can-birds-eat-salt,birds,Can birds eat salt?,out-of-scope,todo
can-birds-eat-salt-and-vinegar-chips,birds,Can birds eat salt and vinegar chips?,out-of-scope,todo
can-birds-eat-salted-cashews,birds,Can birds eat salted cashews?,out-of-scope,todo
can-birds-eat-salted-nuts,birds,Can birds eat salted nuts?,out-of-scope,todo
can-birds-eat-salted-peanuts,birds,Can birds eat salted peanuts?,out-of-scope,todo
can-birds-eat-salted-peanuts-in-the-shell,birds,Can birds eat salted peanuts in the shell?,out-of-scope,todo
can-birds-eat-salted-sunflower-seeds,birds,Can birds eat salted sunflower seeds?,out-of-scope,todo
can-birds-eat-saltine-crackers,birds,Can birds eat saltine crackers?,out-of-scope,todo
can-birds-eat-scones,birds,Can birds eat scones?,out-of-scope,todo
can-birds-eat-scrambled-eggs,birds,Can birds eat scrambled eggs?,out-of-scope,todo
can-birds-eat-seaweed,birds,Can birds eat seaweed?,out-of-scope,todo
can-birds-eat-sesame-seeds,birds,Can birds eat sesame seeds?,out-of-scope,todo
can-birds-eat-shelled-sunflower-seeds,birds,Can birds eat shelled sunflower seeds?,out-of-scope,todo
can-birds-eat-shredded-wheat,birds,Can birds eat shredded wheat?,out-of-scope,todo
can-birds-eat-slugs,birds,Can birds eat slugs?,out-of-scope,todo
can-birds-eat-snakes,birds,Can birds eat snakes?,out-of-scope,todo
can-birds-eat-snow-for-water,birds,Can birds eat snow for water?,out-of-scope,todo
can-birds-eat-sourdough-bread,birds,Can birds eat sourdough bread?,out-of-scope,todo
can-birds-eat-soybeans,birds,Can birds eat soybeans?,out-of-scope,todo
can-birds-eat-spaghetti,birds,Can birds eat spaghetti?,out-of-scope,todo
can-birds-eat-spicy-food,birds,Can birds eat spicy food?,out-of-scope,todo
can-birds-eat-spicy-noodles,birds,Can birds eat spicy noodles?,out-of-scope,todo
can-birds-eat-spicy-peppers,birds,Can birds eat spicy peppers?,out-of-scope,todo
can-birds-eat-spinach,birds,Can birds eat spinach?,out-of-scope,todo
can-birds-eat-split-peas,birds,Can birds eat split peas?,out-of-scope,todo
can-birds-eat-sprouts,birds,Can birds eat sprouts?,out-of-scope,todo
can-birds-eat-squash-seeds,birds,Can birds eat squash seeds?,out-of-scope,todo
can-birds-eat-stale-bread,birds,Can birds eat stale bread?,out-of-scope,todo
can-birds-eat-steel-cut-oatmeal,birds,Can birds eat steel cut oatmeal?,out-of-scope,todo
can-birds-eat-steel-cut-oats,birds,Can birds eat steel cut oats?,out-of-scope,todo
can-birds-eat-strawberries,birds,Can birds eat strawberries?,out-of-scope,todo
can-birds-eat-strawberry-jam,birds,Can birds eat strawberry jam?,out-of-scope,todo
can-birds-eat-strawberry-leaves,birds,Can birds eat strawberry leaves?,out-of-scope,todo
can-birds-eat-string-cheese,birds,Can birds eat string cheese?,out-of-scope,todo
can-birds-eat-stuffing,birds,Can birds eat stuffing?,out-of-scope,todo
can-birds-eat-suet,birds,Can birds eat suet?,out-of-scope,todo
can-birds-eat-sugar,birds,Can birds eat sugar?,out-of-scope,todo
can-birds-eat-sultanas,birds,Can birds eat sultanas?,out-of-scope,todo
can-birds-eat-sunflower-kernels,birds,Can birds eat sunflower kernels?,out-of-scope,todo
can-birds-eat-sunflower-seeds,birds,Can birds eat sunflower seeds?,out-of-scope,todo
can-birds-eat-sunflower-seeds-in-the-shell,birds,Can birds eat sunflower seeds in the shell?,out-of-scope,todo
can-birds-eat-sunflower-seeds-with-salt,birds,Can birds eat sunflower seeds with salt?,out-of-scope,todo
can-birds-eat-superworms,birds,Can birds eat superworms?,out-of-scope,todo
can-birds-eat-sweet-potato,birds,Can birds eat sweet potato?,out-of-scope,todo
can-birds-eat-sweet-potatoes,birds,Can birds eat sweet potatoes?,out-of-scope,todo
can-birds-eat-sweetcorn,birds,Can birds eat sweetcorn?,out-of-scope,todo
can-birds-eat-tangerines,birds,Can birds eat tangerines?,out-of-scope,todo
can-birds-eat-tapioca,birds,Can birds eat tapioca?,out-of-scope,todo
can-birds-eat-themselves-to-death,birds,Can birds eat themselves to death?,out-of-scope,todo
can-birds-eat-toast,birds,Can birds eat toast?,out-of-scope,todo
can-birds-eat-tofu,birds,Can birds eat tofu?,out-of-scope,todo
can-birds-eat-tomatoes,birds,Can birds eat tomatoes?,out-of-scope,todo
can-birds-eat-too-much,birds,Can birds eat too much?,out-of-scope,todo
can-birds-eat-tortilla-chips,birds,Can birds eat tortilla chips?,out-of-scope,todo
can-birds-eat-tortillas,birds,Can birds eat tortillas?,out-of-scope,todo
can-birds-eat-trail-mix,birds,Can birds eat trail mix?,out-of-scope,todo
can-birds-eat-tuna,birds,Can birds eat tuna?,out-of-scope,todo
can-birds-eat-turkey,birds,Can birds eat turkey?,out-of-scope,todo
can-birds-eat-turmeric,birds,Can birds eat turmeric?,out-of-scope,todo
can-birds-eat-twizzlers,birds,Can birds eat twizzlers?,out-of-scope,todo
can-birds-eat-uncooked-brown-rice,birds,Can birds eat uncooked brown rice?,out-of-scope,todo
can-birds-eat-uncooked-grits,birds,Can birds eat uncooked grits?,out-of-scope,todo
can-birds-eat-uncooked-lentils,birds,Can birds eat uncooked lentils?,out-of-scope,todo
can-birds-eat-uncooked-oatmeal,birds,Can birds eat uncooked oatmeal?,out-of-scope,todo
can-birds-eat-uncooked-oats,birds,Can birds eat uncooked oats?,out-of-scope,todo
can-birds-eat-uncooked-pasta,birds,Can birds eat uncooked pasta?,out-of-scope,todo
can-birds-eat-uncooked-quinoa,birds,Can birds eat uncooked quinoa?,out-of-scope,todo
can-birds-eat-uncooked-rice,birds,Can birds eat uncooked rice?,out-of-scope,todo
can-birds-eat-uncooked-split-peas,birds,Can birds eat uncooked split peas?,out-of-scope,todo
can-birds-eat-uncooked-steel-cut-oats,birds,Can birds eat uncooked steel cut oats?,out-of-scope,todo
can-birds-eat-unpopped-popcorn,birds,Can birds eat unpopped popcorn?,out-of-scope,todo
can-birds-eat-unpopped-popcorn-kernels,birds,Can birds eat unpopped popcorn kernels?,out-of-scope,todo
can-birds-eat-unsalted-peanuts,birds,Can birds eat unsalted peanuts?,out-of-scope,todo
can-birds-eat-unsalted-roasted-peanuts,birds,Can birds eat unsalted roasted peanuts?,out-of-scope,todo
can-birds-eat-unsalted-sunflower-seeds,birds,Can birds eat unsalted sunflower seeds?,out-of-scope,todo
can-birds-eat-vegetable-oil,birds,Can birds eat vegetable oil?,out-of-scope,todo
can-birds-eat-vegetable-suet,birds,Can birds eat vegetable suet?,out-of-scope,todo
can-birds-eat-vegetables,birds,Can birds eat vegetables?,out-of-scope,todo
can-birds-eat-walnuts,birds,Can birds eat walnuts?,out-of-scope,todo
can-birds-eat-wasps,birds,Can birds eat wasps?,out-of-scope,todo
can-birds-eat-watermelon,birds,Can birds eat watermelon?,out-of-scope,todo
can-birds-eat-watermelon-rind,birds,Can birds eat watermelon rind?,out-of-scope,todo
can-birds-eat-watermelon-seed,birds,Can birds eat watermelon seed?,out-of-scope,todo
can-birds-eat-watermelon-seeds,birds,Can birds eat watermelon seeds?,out-of-scope,todo
can-birds-eat-weed,birds,Can birds eat weed?,out-of-scope,todo
can-birds-eat-weetabix,birds,Can birds eat weetabix?,out-of-scope,todo
can-birds-eat-weevils,birds,Can birds eat weevils?,out-of-scope,todo
can-birds-eat-wet-bird-seed,birds,Can birds eat wet bird seed?,out-of-scope,todo
can-birds-eat-wet-cat-food,birds,Can birds eat wet cat food?,out-of-scope,todo
can-birds-eat-wet-dog-food,birds,Can birds eat wet dog food?,out-of-scope,todo
can-birds-eat-wheat,birds,Can birds eat wheat?,out-of-scope,todo
can-birds-eat-wheat-berries,birds,Can birds eat wheat berries?,out-of-scope,todo
can-birds-eat-wheat-bread,birds,Can birds eat wheat bread?,out-of-scope,todo
can-birds-eat-wheat-germ,birds,Can birds eat wheat germ?,out-of-scope,todo
can-birds-eat-white-bread,birds,Can birds eat white bread?,out-of-scope,todo
can-birds-eat-white-rice,birds,Can birds eat white rice?,out-of-scope,todo
can-birds-eat-whole-corn-kernels,birds,Can birds eat whole corn kernels?,out-of-scope,todo
can-birds-eat-whole-flax-seeds,birds,Can birds eat whole flax seeds?,out-of-scope,todo
can-birds-eat-whole-peanuts,birds,Can birds eat whole peanuts?,out-of-scope,todo
can-birds-eat-whole-wheat-bread,birds,Can birds eat whole wheat bread?,out-of-scope,todo
can-birds-eat-wild-rice,birds,Can birds eat wild rice?,out-of-scope,todo
can-birds-eat-yew-berries,birds,Can birds eat yew berries?,out-of-scope,todo
can-birds-eat-yogurt,birds,Can birds eat yogurt?,out-of-scope,todo
can-birds-eat-zucchini,birds,Can birds eat zucchini?,out-of-scope,todo
can-chickens-eat-cat-food,birds,Can chickens eat cat food?,out-of-scope,todo
can-ducks-eat-cat-food,birds,Can ducks eat cat food?,out-of-scope,todo
what-berries-can-birds-eat,birds,What berries can birds eat?,out-of-scope,todo
what-can-birds-eat,birds,What can birds eat?,out-of-scope,todo
what-can-birds-eat-and-not-eat,birds,What can birds eat and not eat?,out-of-scope,todo
what-can-birds-eat-besides-bird-food,birds,What can birds eat besides bird food?,out-of-scope,todo
what-can-birds-eat-besides-bird-seed,birds,What can birds eat besides bird seed?,out-of-scope,todo
what-can-birds-eat-besides-worms,birds,What can birds eat besides worms?,out-of-scope,todo
what-can-birds-eat-from-the-kitchen,birds,What can birds eat from the kitchen?,out-of-scope,todo
what-can-birds-eat-human-food,birds,What can birds eat human food?,out-of-scope,todo
what-can-birds-eat-other-than-seeds,birds,What can birds eat other than seeds?,out-of-scope,todo
what-cereals-can-birds-eat,birds,What cereals can birds eat?,out-of-scope,todo
what-dried-fruit-can-birds-eat,birds,What dried fruit can birds eat?,out-of-scope,todo
what-food-can-birds-eat,birds,What food can birds eat?,out-of-scope,todo
what-food-scraps-can-birds-eat,birds,What food scraps can birds eat?,out-of-scope,todo
what-foods-can-birds-eat,birds,What foods can birds eat?,out-of-scope,todo
what-fruit-can-birds-eat,birds,What fruit can birds eat?,out-of-scope,todo
what-fruits-can-birds-eat,birds,What fruits can birds eat?,out-of-scope,todo
what-grains-can-birds-eat,birds,What grains can birds eat?,out-of-scope,todo
what-herbs-can-birds-eat,birds,What herbs can birds eat?,out-of-scope,todo
what-household-foods-can-birds-eat,birds,What household foods can birds eat?,out-of-scope,todo
what-household-items-can-birds-eat,birds,What household items can birds eat?,out-of-scope,todo
what-human-food-can-birds-eat,birds,What human food can birds eat?,out-of-scope,todo
what-human-foods-can-birds-eat,birds,What human foods can birds eat?,out-of-scope,todo
what-kitchen-scraps-can-birds-eat,birds,What kitchen scraps can birds eat?,out-of-scope,todo
what-nuts-can-birds-eat,birds,What nuts can birds eat?,out-of-scope,todo
what-scraps-can-birds-eat,birds,What scraps can birds eat?,out-of-scope,todo
what-seeds-can-birds-eat,birds,What seeds can birds eat?,out-of-scope,todo
what-vegetables-can-birds-eat,birds,What vegetables can birds eat?,out-of-scope,todo
what-veggies-can-birds-eat,birds,What veggies can birds eat?,out-of-scope,todo
when-can-birds-eat-seeds,birds,When can birds eat seeds?,out-of-scope,todo
why-can-birds-eat-avocado,birds,Why can birds eat avocado?,out-of-scope,todo
why-can-birds-eat-hot-peppers,birds,Why can birds eat hot peppers?,out-of-scope,todo
why-can-birds-eat-poisonous-berries,birds,Why can birds eat poisonous berries?,out-of-scope,todo
why-can-birds-eat-rice,birds,Why can birds eat rice?,out-of-scope,todo
mypetexperts.com,other,Mypetexperts.com?,out-of-scope,todo
can-rabbits-eat-apples,rabbits,Can rabbits eat apples?,out-of-scope,todo
can-rabbits-eat-arugula,rabbits,Can rabbits eat arugula?,out-of-scope,todo
can-rabbits-eat-asparagus,rabbits,Can rabbits eat asparagus?,out-of-scope,todo
can-rabbits-eat-avocado,rabbits,Can rabbits eat avocado?,out-of-scope,todo
can-rabbits-eat-bagels,rabbits,Can rabbits eat bagels?,out-of-scope,todo
can-rabbits-eat-banana,rabbits,Can rabbits eat banana?,out-of-scope,todo
can-rabbits-eat-banana-peels,rabbits,Can rabbits eat banana peels?,out-of-scope,todo
can-rabbits-eat-bananas,rabbits,Can rabbits eat bananas?,out-of-scope,todo
can-rabbits-eat-basil,rabbits,Can rabbits eat basil?,out-of-scope,todo
can-rabbits-eat-beets,rabbits,Can rabbits eat beets?,out-of-scope,todo
can-rabbits-eat-bell-peppers,rabbits,Can rabbits eat bell peppers?,out-of-scope,todo
can-rabbits-eat-blackberries,rabbits,Can rabbits eat blackberries?,out-of-scope,todo
can-rabbits-eat-blueberries,rabbits,Can rabbits eat blueberries?,out-of-scope,todo
can-rabbits-eat-bok-choy,rabbits,Can rabbits eat bok choy?,out-of-scope,todo
can-rabbits-eat-bread,rabbits,Can rabbits eat bread?,out-of-scope,todo
can-rabbits-eat-broccoli,rabbits,Can rabbits eat broccoli?,out-of-scope,todo
can-rabbits-eat-brussel-sprouts,rabbits,Can rabbits eat brussel sprouts?,out-of-scope,todo
can-rabbits-eat-cabbage,rabbits,Can rabbits eat cabbage?,out-of-scope,todo
can-rabbits-eat-cantaloupe,rabbits,Can rabbits eat cantaloupe?,out-of-scope,todo
can-rabbits-eat-carrots,rabbits,Can rabbits eat carrots?,out-of-scope,todo
can-rabbits-eat-cat-food,rabbits,Can rabbits eat cat food?,out-of-scope,todo
can-rabbits-eat-cauliflower,rabbits,Can rabbits eat cauliflower?,out-of-scope,todo
can-rabbits-eat-celery,rabbits,Can rabbits eat celery?,out-of-scope,todo
can-rabbits-eat-cheese,rabbits,Can rabbits eat cheese?,out-of-scope,todo
can-rabbits-eat-cherries,rabbits,Can rabbits eat cherries?,out-of-scope,todo
can-rabbits-eat-chocolate,rabbits,Can rabbits eat chocolate?,out-of-scope,todo
can-rabbits-eat-cilantro,rabbits,Can rabbits eat cilantro?,out-of-scope,todo
can-rabbits-eat-collard-greens,rabbits,Can rabbits eat collard greens?,out-of-scope,todo
can-rabbits-eat-corn,rabbits,Can rabbits eat corn?,out-of-scope,todo
can-rabbits-eat-corn-husks,rabbits,Can rabbits eat corn husks?,out-of-scope,todo
can-rabbits-eat-cucumbers,rabbits,Can rabbits eat cucumbers?,out-of-scope,todo
can-rabbits-eat-dandelions,rabbits,Can rabbits eat dandelions?,out-of-scope,todo
can-rabbits-eat-dog-food,rabbits,Can rabbits eat dog food?,out-of-scope,todo
can-rabbits-eat-grapes,rabbits,Can rabbits eat grapes?,out-of-scope,todo
can-rabbits-eat-grass,rabbits,Can rabbits eat grass?,out-of-scope,todo
can-rabbits-eat-green-onions,rabbits,Can rabbits eat green onions?,out-of-scope,todo
can-rabbits-eat-green-peppers,rabbits,Can rabbits eat green peppers?,out-of-scope,todo
can-rabbits-eat-guinea-pig-food,rabbits,Can rabbits eat guinea pig food?,out-of-scope,todo
can-rabbits-eat-iceberg-lettuce,rabbits,Can rabbits eat iceberg lettuce?,out-of-scope,todo
can-rabbits-eat-kale,rabbits,Can rabbits eat kale?,out-of-scope,todo
can-rabbits-eat-kiwi,rabbits,Can rabbits eat kiwi?,out-of-scope,todo
can-rabbits-eat-lettuce,rabbits,Can rabbits eat lettuce?,out-of-scope,todo
can-rabbits-eat-mango,rabbits,Can rabbits eat mango?,out-of-scope,todo
can-rabbits-eat-mangos,rabbits,Can rabbits eat mangos?,out-of-scope,todo
can-rabbits-eat-meat,rabbits,Can rabbits eat meat?,out-of-scope,todo
can-rabbits-eat-mint,rabbits,Can rabbits eat mint?,out-of-scope,todo
can-rabbits-eat-mushrooms,rabbits,Can rabbits eat mushrooms?,out-of-scope,todo
can-rabbits-eat-mustard-greens,rabbits,Can rabbits eat mustard greens?,out-of-scope,todo
can-rabbits-eat-nuts,rabbits,Can rabbits eat nuts?,out-of-scope,todo
can-rabbits-eat-oats,rabbits,Can rabbits eat oats?,out-of-scope,todo
can-rabbits-eat-onions,rabbits,Can rabbits eat onions?,out-of-scope,todo
can-rabbits-eat-orange-peels,rabbits,Can rabbits eat orange peels?,out-of-scope,todo
can-rabbits-eat-oranges,rabbits,Can rabbits eat oranges?,out-of-scope,todo
can-rabbits-eat-parsley,rabbits,Can rabbits eat parsley?,out-of-scope,todo
can-rabbits-eat-peach,rabbits,Can rabbits eat peach?,out-of-scope,todo
can-rabbits-eat-peaches,rabbits,Can rabbits eat peaches?,out-of-scope,todo
can-rabbits-eat-peanut-butter,rabbits,Can rabbits eat peanut butter?,out-of-scope,todo
can-rabbits-eat-peanuts,rabbits,Can rabbits eat peanuts?,out-of-scope,todo
can-rabbits-eat-pears,rabbits,Can rabbits eat pears?,out-of-scope,todo
can-rabbits-eat-peas,rabbits,Can rabbits eat peas?,out-of-scope,todo
can-rabbits-eat-peppers,rabbits,Can rabbits eat peppers?,out-of-scope,todo
can-rabbits-eat-pineapple,rabbits,Can rabbits eat pineapple?,out-of-scope,todo
can-rabbits-eat-popcorn,rabbits,Can rabbits eat popcorn?,out-of-scope,todo
can-rabbits-eat-potatoes,rabbits,Can rabbits eat potatoes?,out-of-scope,todo
can-rabbits-eat-pumpkins,rabbits,Can rabbits eat pumpkins?,out-of-scope,todo
can-rabbits-eat-radish,rabbits,Can rabbits eat radish?,out-of-scope,todo
can-rabbits-eat-radishes,rabbits,Can rabbits eat radishes?,out-of-scope,todo
can-rabbits-eat-raisins,rabbits,Can rabbits eat raisins?,out-of-scope,todo
can-rabbits-eat-raspberries,rabbits,Can rabbits eat raspberries?,out-of-scope,todo
can-rabbits-eat-rice,rabbits,Can rabbits eat rice?,out-of-scope,todo
can-rabbits-eat-rice-cakes,rabbits,Can rabbits eat rice cakes?,out-of-scope,todo
can-rabbits-eat-romaine-lettuce,rabbits,Can rabbits eat romaine lettuce?,out-of-scope,todo
can-rabbits-eat-spinach,rabbits,Can rabbits eat spinach?,out-of-scope,todo
can-rabbits-eat-squash,rabbits,Can rabbits eat squash?,out-of-scope,todo
can-rabbits-eat-strawberries,rabbits,Can rabbits eat strawberries?,out-of-scope,todo
can-rabbits-eat-sunflower-seeds,rabbits,Can rabbits eat sunflower seeds?,out-of-scope,todo
can-rabbits-eat-sweet-potato,rabbits,Can rabbits eat sweet potato?,out-of-scope,todo
can-rabbits-eat-sweet-potatoes,rabbits,Can rabbits eat sweet potatoes?,out-of-scope,todo
can-rabbits-eat-tomatoes,rabbits,Can rabbits eat tomatoes?,out-of-scope,todo
can-rabbits-eat-watermelon,rabbits,Can rabbits eat watermelon?,out-of-scope,todo
can-rabbits-eat-watermelon-rind,rabbits,Can rabbits eat watermelon rind?,out-of-scope,todo
can-rabbits-eat-zucchini,rabbits,Can rabbits eat zucchini?,out-of-scope,todo
what-can-rabbits-eat,rabbits,What can rabbits eat?,out-of-scope,todo
what-fruit-can-rabbits-eat,rabbits,What fruit can rabbits eat?,out-of-scope,todo
what-fruits-can-rabbits-eat,rabbits,What fruits can rabbits eat?,out-of-scope,todo
what-greens-can-rabbits-eat,rabbits,What greens can rabbits eat?,out-of-scope,todo
what-human-food-can-rabbits-eat,rabbits,What human food can rabbits eat?,out-of-scope,todo
what-vegetables-can-rabbits-eat,rabbits,What vegetables can rabbits eat?,out-of-scope,todo
what-vegetables-can-rabbits-eat-daily,rabbits,What vegetables can rabbits eat daily?,out-of-scope,todo
what-veggies-can-rabbits-eat,rabbits,What veggies can rabbits eat?,out-of-scope,todo
can-rats-eat-cat-food,rats,Can rats eat cat food?,out-of-scope,todo
can-snapping-turtles-eat-hot-dogs,turtles,Can snapping turtles eat hot dogs?,out-of-scope,todo
can-turtles-eat-a-jellyfish,turtles,Can turtles eat a jellyfish?,out-of-scope,todo
can-turtles-eat-african-cichlid-food,turtles,Can turtles eat african cichlid food?,out-of-scope,todo
can-turtles-eat-algae,turtles,Can turtles eat algae?,out-of-scope,todo
can-turtles-eat-algae-eaters,turtles,Can turtles eat algae eaters?,out-of-scope,todo
can-turtles-eat-algae-wafers,turtles,Can turtles eat algae wafers?,out-of-scope,todo
can-turtles-eat-almonds,turtles,Can turtles eat almonds?,out-of-scope,todo
can-turtles-eat-aloe-vera,turtles,Can turtles eat aloe vera?,out-of-scope,todo
can-turtles-eat-amenonies,turtles,Can turtles eat amenonies?,out-of-scope,todo
can-turtles-eat-anacharis,turtles,Can turtles eat anacharis?,out-of-scope,todo
can-turtles-eat-ants,turtles,Can turtles eat ants?,out-of-scope,todo
can-turtles-eat-apple-peel,turtles,Can turtles eat apple peel?,out-of-scope,todo
can-turtles-eat-apple-skin,turtles,Can turtles eat apple skin?,out-of-scope,todo
can-turtles-eat-apple-snails,turtles,Can turtles eat apple snails?,out-of-scope,todo
can-turtles-eat-apples,turtles,Can turtles eat apples?,out-of-scope,todo
can-turtles-eat-apples-with-skin,turtles,Can turtles eat apples with skin?,out-of-scope,todo
can-turtles-eat-applesauce,turtles,Can turtles eat applesauce?,out-of-scope,todo
can-turtles-eat-apricots,turtles,Can turtles eat apricots?,out-of-scope,todo
can-turtles-eat-arugula,turtles,Can turtles eat arugula?,out-of-scope,todo
can-turtles-eat-asparagus,turtles,Can turtles eat asparagus?,out-of-scope,todo
can-turtles-eat-avocado,turtles,Can turtles eat avocado?,out-of-scope,todo
can-turtles-eat-avocados,turtles,Can turtles eat avocados?,out-of-scope,todo
can-turtles-eat-baby-ducks,turtles,Can turtles eat baby ducks?,out-of-scope,todo
can-turtles-eat-baby-food,turtles,Can turtles eat baby food?,out-of-scope,todo
can-turtles-eat-baby-shad,turtles,Can turtles eat baby shad?,out-of-scope,todo
can-turtles-eat-baby-spinach,turtles,Can turtles eat baby spinach?,out-of-scope,todo
can-turtles-eat-bacon,turtles,Can turtles eat bacon?,out-of-scope,todo
can-turtles-eat-bagels,turtles,Can turtles eat bagels?,out-of-scope,todo
can-turtles-eat-bamboo,turtles,Can turtles eat bamboo?,out-of-scope,todo
can-turtles-eat-bamboo-leaves,turtles,Can turtles eat bamboo leaves?,out-of-scope,todo
can-turtles-eat-banana-leaves,turtles,Can turtles eat banana leaves?,out-of-scope,todo
can-turtles-eat-banana-peels,turtles,Can turtles eat banana peels?,out-of-scope,todo
can-turtles-eat-banana-peppers,turtles,Can turtles eat banana peppers?,out-of-scope,todo
can-turtles-eat-bananas,turtles,Can turtles eat bananas?,out-of-scope,todo
can-turtles-eat-bananna-peppers,turtles,Can turtles eat bananna peppers?,out-of-scope,todo
can-turtles-eat-basil,turtles,Can turtles eat basil?,out-of-scope,todo
can-turtles-eat-basil-leaves,turtles,Can turtles eat basil leaves?,out-of-scope,todo
can-turtles-eat-bean-sprouts,turtles,Can turtles eat bean sprouts?,out-of-scope,todo
can-turtles-eat-beans,turtles,Can turtles eat beans?,out-of-scope,todo
can-turtles-eat-bearded-dragon-food,turtles,Can turtles eat bearded dragon food?,out-of-scope,todo
can-turtles-eat-beat-greens,turtles,Can turtles eat beat greens?,out-of-scope,todo
can-turtles-eat-beef,turtles,Can turtles eat beef?,out-of-scope,todo
can-turtles-eat-bees,turtles,Can turtles eat bees?,out-of-scope,todo
can-turtles-eat-beet-leaves,turtles,Can turtles eat beet leaves?,out-of-scope,todo
can-turtles-eat-beetels,turtles,Can turtles eat beetels?,out-of-scope,todo
can-turtles-eat-beetles,turtles,Can turtles eat beetles?,out-of-scope,todo
can-turtles-eat-beets,turtles,Can turtles eat beets?,out-of-scope,todo
can-turtles-eat-bell-pepper,turtles,Can turtles eat bell pepper?,out-of-scope,todo
can-turtles-eat-bell-peppers,turtles,Can turtles eat bell peppers?,out-of-scope,todo
can-turtles-eat-berries,turtles,Can turtles eat berries?,out-of-scope,todo
can-turtles-eat-betta-fish,turtles,Can turtles eat betta fish?,out-of-scope,todo
can-turtles-eat-betta-fish-food,turtles,Can turtles eat betta fish food?,out-of-scope,todo
can-turtles-eat-betta-food,turtles,Can turtles eat betta food?,out-of-scope,todo
can-turtles-eat-bird-seed,turtles,Can turtles eat bird seed?,out-of-scope,todo
can-turtles-eat-birds,turtles,Can turtles eat birds?,out-of-scope,todo
can-turtles-eat-biscuits,turtles,Can turtles eat biscuits?,out-of-scope,todo
can-turtles-eat-black-moor-goldfish,turtles,Can turtles eat black moor goldfish?,out-of-scope,todo
can-turtles-eat-blackberries,turtles,Can turtles eat blackberries?,out-of-scope,todo
can-turtles-eat-blackberry,turtles,Can turtles eat blackberry?,out-of-scope,todo
can-turtles-eat-blood-worms,turtles,Can turtles eat blood worms?,out-of-scope,todo
can-turtles-eat-bloodworms,turtles,Can turtles eat bloodworms?,out-of-scope,todo
can-turtles-eat-blueberries,turtles,Can turtles eat blueberries?,out-of-scope,todo
can-turtles-eat-boiled-eggs,turtles,Can turtles eat boiled eggs?,out-of-scope,todo
can-turtles-eat-bok-choy,turtles,Can turtles eat bok choy?,out-of-scope,todo
can-turtles-eat-bologna,turtles,Can turtles eat bologna?,out-of-scope,todo
can-turtles-eat-bones,turtles,Can turtles eat bones?,out-of-scope,todo
can-turtles-eat-box-jellyfish,turtles,Can turtles eat box jellyfish?,out-of-scope,todo
can-turtles-eat-bread,turtles,Can turtles eat bread?,out-of-scope,todo
can-turtles-eat-bread-crumbs,turtles,Can turtles eat bread crumbs?,out-of-scope,todo
can-turtles-eat-brine-shrimp,turtles,Can turtles eat brine shrimp?,out-of-scope,todo
can-turtles-eat-broccoli,turtles,Can turtles eat broccoli?,out-of-scope,todo
can-turtles-eat-broccoli-leaves,turtles,Can turtles eat broccoli leaves?,out-of-scope,todo
can-turtles-eat-brocoli,turtles,Can turtles eat brocoli?,out-of-scope,todo
can-turtles-eat-brown-rice,turtles,Can turtles eat brown rice?,out-of-scope,todo
can-turtles-eat-brussels-sprouts,turtles,Can turtles eat brussels sprouts?,out-of-scope,todo
can-turtles-eat-bugs,turtles,Can turtles eat bugs?,out-of-scope,todo
can-turtles-eat-butter-lettuce,turtles,Can turtles eat butter lettuce?,out-of-scope,todo
can-turtles-eat-butterflies,turtles,Can turtles eat butterflies?,out-of-scope,todo
can-turtles-eat-cabbage,turtles,Can turtles eat cabbage?,out-of-scope,todo
can-turtles-eat-cabbage-leaves,turtles,Can turtles eat cabbage leaves?,out-of-scope,todo
can-turtles-eat-cactus,turtles,Can turtles eat cactus?,out-of-scope,todo
can-turtles-eat-cake,turtles,Can turtles eat cake?,out-of-scope,todo
can-turtles-eat-calcium-blocks,turtles,Can turtles eat calcium blocks?,out-of-scope,todo
can-turtles-eat-calendula-flowers,turtles,Can turtles eat calendula flowers?,out-of-scope,todo
can-turtles-eat-camellia-petals,turtles,Can turtles eat camellia petals?,out-of-scope,todo
can-turtles-eat-can-dog-food,turtles,Can turtles eat can dog food?,out-of-scope,todo
can-turtles-eat-candy,turtles,Can turtles eat candy?,out-of-scope,todo
can-turtles-eat-canned-tuna,turtles,Can turtles eat canned tuna?,out-of-scope,todo
can-turtles-eat-cantalope-rind,turtles,Can turtles eat cantalope rind?,out-of-scope,todo
can-turtles-eat-cantaloupe,turtles,Can turtles eat cantaloupe?,out-of-scope,todo
can-turtles-eat-cantaloupe-rind,turtles,Can turtles eat cantaloupe rind?,out-of-scope,todo
can-turtles-eat-carrion,turtles,Can turtles eat carrion?,out-of-scope,todo
can-turtles-eat-carrot,turtles,Can turtles eat carrot?,out-of-scope,todo
can-turtles-eat-carrot-leaves,turtles,Can turtles eat carrot leaves?,out-of-scope,todo
can-turtles-eat-carrot-tops,turtles,Can turtles eat carrot tops?,out-of-scope,todo
can-turtles-eat-carrots,turtles,Can turtles eat carrots?,out-of-scope,todo
can-turtles-eat-carrots-and-lettuce,turtles,Can turtles eat carrots and lettuce?,out-of-scope,todo
can-turtles-eat-cashews,turtles,Can turtles eat cashews?,out-of-scope,todo
can-turtles-eat-cat-food,turtles,Can turtles eat cat food?,out-of-scope,todo
can-turtles-eat-cat-grass,turtles,Can turtles eat cat grass?,out-of-scope,todo
can-turtles-eat-caterpillars,turtles,Can turtles eat caterpillars?,out-of-scope,todo
can-turtles-eat-catfish,turtles,Can turtles eat catfish?,out-of-scope,todo
can-turtles-eat-cauliflower,turtles,Can turtles eat cauliflower?,out-of-scope,todo
can-turtles-eat-cauliflower-leaves,turtles,Can turtles eat cauliflower leaves?,out-of-scope,todo
can-turtles-eat-celery,turtles,Can turtles eat celery?,out-of-scope,todo
can-turtles-eat-celery-leaves,turtles,Can turtles eat celery leaves?,out-of-scope,todo
can-turtles-eat-centipedes,turtles,Can turtles eat centipedes?,out-of-scope,todo
can-turtles-eat-cereal,turtles,Can turtles eat cereal?,out-of-scope,todo
can-turtles-eat-chard,turtles,Can turtles eat chard?,out-of-scope,todo
can-turtles-eat-cheese,turtles,Can turtles eat cheese?,out-of-scope,todo
can-turtles-eat-cheetos,turtles,Can turtles eat cheetos?,out-of-scope,todo
can-turtles-eat-cherries,turtles,Can turtles eat cherries?,out-of-scope,todo
can-turtles-eat-cherry-shrimp,turtles,Can turtles eat cherry shrimp?,out-of-scope,todo
can-turtles-eat-cherry-tomatoes,turtles,Can turtles eat cherry tomatoes?,out-of-scope,todo
can-turtles-eat-chex-cereal,turtles,Can turtles eat chex cereal?,out-of-scope,todo
can-turtles-eat-chia-seeds,turtles,Can turtles eat chia seeds?,out-of-scope,todo
can-turtles-eat-chia-sprouts,turtles,Can turtles eat chia sprouts?,out-of-scope,todo
can-turtles-eat-chicken,turtles,Can turtles eat chicken?,out-of-scope,todo
can-turtles-eat-chicken-bones,turtles,Can turtles eat chicken bones?,out-of-scope,todo
can-turtles-eat-chicken-eggs,turtles,Can turtles eat chicken eggs?,out-of-scope,todo
can-turtles-eat-chicken-liver,turtles,Can turtles eat chicken liver?,out-of-scope,todo
can-turtles-eat-chicken-meat,turtles,Can turtles eat chicken meat?,out-of-scope,todo
can-turtles-eat-chicken-nuggets,turtles,Can turtles eat chicken nuggets?,out-of-scope,todo
can-turtles-eat-chili,turtles,Can turtles eat chili?,out-of-scope,todo
can-turtles-eat-chili-peppers,turtles,Can turtles eat chili peppers?,out-of-scope,todo
can-turtles-eat-chocklet,turtles,Can turtles eat chocklet?,out-of-scope,todo
can-turtles-eat-cicadas,turtles,Can turtles eat cicadas?,out-of-scope,todo
can-turtles-eat-cichlid-pellets,turtles,Can turtles eat cichlid pellets?,out-of-scope,todo
can-turtles-eat-cilantro,turtles,Can turtles eat cilantro?,out-of-scope,todo
can-turtles-eat-citrus,turtles,Can turtles eat citrus?,out-of-scope,todo
can-turtles-eat-clementines,turtles,Can turtles eat clementines?,out-of-scope,todo
can-turtles-eat-clover,turtles,Can turtles eat clover?,out-of-scope,todo
can-turtles-eat-clovers,turtles,Can turtles eat clovers?,out-of-scope,todo
can-turtles-eat-cockroaches,turtles,Can turtles eat cockroaches?,out-of-scope,todo
can-turtles-eat-coconut,turtles,Can turtles eat coconut?,out-of-scope,todo
can-turtles-eat-collard-greens,turtles,Can turtles eat collard greens?,out-of-scope,todo
can-turtles-eat-cooked-chicken,turtles,Can turtles eat cooked chicken?,out-of-scope,todo
can-turtles-eat-cooked-fish,turtles,Can turtles eat cooked fish?,out-of-scope,todo
can-turtles-eat-cooked-meat,turtles,Can turtles eat cooked meat?,out-of-scope,todo
can-turtles-eat-cooked-rice,turtles,Can turtles eat cooked rice?,out-of-scope,todo
can-turtles-eat-cooked-shrimp,turtles,Can turtles eat cooked shrimp?,out-of-scope,todo
can-turtles-eat-cookies,turtles,Can turtles eat cookies?,out-of-scope,todo
can-turtles-eat-corn,turtles,Can turtles eat corn?,out-of-scope,todo
can-turtles-eat-corn-flakes,turtles,Can turtles eat corn flakes?,out-of-scope,todo
can-turtles-eat-corn-husks,turtles,Can turtles eat corn husks?,out-of-scope,todo
can-turtles-eat-corn-on-the-cob,turtles,Can turtles eat corn on the cob?,out-of-scope,todo
can-turtles-eat-crab-meat,turtles,Can turtles eat crab meat?,out-of-scope,todo
can-turtles-eat-crab-sticks,turtles,Can turtles eat crab sticks?,out-of-scope,todo
can-turtles-eat-crabs,turtles,Can turtles eat crabs?,out-of-scope,todo
can-turtles-eat-cracked-corn,turtles,Can turtles eat cracked corn?,out-of-scope,todo
can-turtles-eat-crackers,turtles,Can turtles eat crackers?,out-of-scope,todo
can-turtles-eat-craisins,turtles,Can turtles eat craisins?,out-of-scope,todo
can-turtles-eat-cranberries,turtles,Can turtles eat cranberries?,out-of-scope,todo
can-turtles-eat-crawfish,turtles,Can turtles eat crawfish?,out-of-scope,todo
can-turtles-eat-crayfish,turtles,Can turtles eat crayfish?,out-of-scope,todo
can-turtles-eat-crickets,turtles,Can turtles eat crickets?,out-of-scope,todo
can-turtles-eat-cucumber,turtles,Can turtles eat cucumber?,out-of-scope,todo
can-turtles-eat-cucumber-peels,turtles,Can turtles eat cucumber peels?,out-of-scope,todo
can-turtles-eat-cucumbers,turtles,Can turtles eat cucumbers?,out-of-scope,todo
can-turtles-eat-curly-kale,turtles,Can turtles eat curly kale?,out-of-scope,todo
can-turtles-eat-cut-up-grapes,turtles,Can turtles eat cut up grapes?,out-of-scope,todo
can-turtles-eat-dandelion-flowers,turtles,Can turtles eat dandelion flowers?,out-of-scope,todo
can-turtles-eat-dandelion-greens,turtles,Can turtles eat dandelion greens?,out-of-scope,todo
can-turtles-eat-dandelions,turtles,Can turtles eat dandelions?,out-of-scope,todo
can-turtles-eat-darkling-beetles,turtles,Can turtles eat darkling beetles?,out-of-scope,todo
can-turtles-eat-dates,turtles,Can turtles eat dates?,out-of-scope,todo
can-turtles-eat-dead-fish,turtles,Can turtles eat dead fish?,out-of-scope,todo
can-turtles-eat-dead-fish-if-they-just-died,turtles,Can turtles eat dead fish if they just died?,out-of-scope,todo
can-turtles-eat-dead-planaria,turtles,Can turtles eat dead planaria?,out-of-scope,todo
can-turtles-eat-dead-worms,turtles,Can turtles eat dead worms?,out-of-scope,todo
can-turtles-eat-deadrotten-worms,turtles,Can turtles eat deadrotten worms?,out-of-scope,todo
can-turtles-eat-deep-fried-foods,turtles,Can turtles eat deep fried foods?,out-of-scope,todo
can-turtles-eat-dichondra,turtles,Can turtles eat dichondra?,out-of-scope,todo
can-turtles-eat-dichondra-micrantha-ground-cover,turtles,Can turtles eat dichondra micrantha ground cover?,out-of-scope,todo
can-turtles-eat-dog-food,turtles,Can turtles eat dog food?,out-of-scope,todo
can-turtles-eat-dragon-fruit,turtles,Can turtles eat dragon fruit?,out-of-scope,todo
can-turtles-eat-dried-apricots,turtles,Can turtles eat dried apricots?,out-of-scope,todo
can-turtles-eat-dried-bloodworms,turtles,Can turtles eat dried bloodworms?,out-of-scope,todo
can-turtles-eat-dried-fruit,turtles,Can turtles eat dried fruit?,out-of-scope,todo
can-turtles-eat-dried-mealworms,turtles,Can turtles eat dried mealworms?,out-of-scope,todo
can-turtles-eat-dried-shrimp,turtles,Can turtles eat dried shrimp?,out-of-scope,todo
can-turtles-eat-dry-cat-food,turtles,Can turtles eat dry cat food?,out-of-scope,todo
can-turtles-eat-dry-dog-food,turtles,Can turtles eat dry dog food?,out-of-scope,todo
can-turtles-eat-dubia-roaches,turtles,Can turtles eat dubia roaches?,out-of-scope,todo
can-turtles-eat-ducklings,turtles,Can turtles eat ducklings?,out-of-scope,todo
can-turtles-eat-ducks,turtles,Can turtles eat ducks?,out-of-scope,todo
can-turtles-eat-duckweed,turtles,Can turtles eat duckweed?,out-of-scope,todo
can-turtles-eat-dwarf-hair-grass-live-plants,turtles,Can turtles eat dwarf hair grass live plants?,out-of-scope,todo
can-turtles-eat-each-other,turtles,Can turtles eat each other?,out-of-scope,todo
can-turtles-eat-earthworms,turtles,Can turtles eat earthworms?,out-of-scope,todo
can-turtles-eat-egg-shells,turtles,Can turtles eat egg shells?,out-of-scope,todo
can-turtles-eat-eggplant,turtles,Can turtles eat eggplant?,out-of-scope,todo
can-turtles-eat-eggs,turtles,Can turtles eat eggs?,out-of-scope,todo
can-turtles-eat-elephant-ears,turtles,Can turtles eat elephant ears?,out-of-scope,todo
can-turtles-eat-elodea,turtles,Can turtles eat elodea?,out-of-scope,todo
can-turtles-eat-fat,turtles,Can turtles eat fat?,out-of-scope,todo
can-turtles-eat-feeder-fish-alone,turtles,Can turtles eat feeder fish alone?,out-of-scope,todo
can-turtles-eat-feta-cheese,turtles,Can turtles eat feta cheese?,out-of-scope,todo
can-turtles-eat-figs,turtles,Can turtles eat figs?,out-of-scope,todo
can-turtles-eat-fire-ants,turtles,Can turtles eat fire ants?,out-of-scope,todo
can-turtles-eat-fireflies,turtles,Can turtles eat fireflies?,out-of-scope,todo
can-turtles-eat-fish,turtles,Can turtles eat fish?,out-of-scope,todo
can-turtles-eat-fish-flakes,turtles,Can turtles eat fish flakes?,out-of-scope,todo
can-turtles-eat-fish-food,turtles,Can turtles eat fish food?,out-of-scope,todo
can-turtles-eat-fish-food-pellets,turtles,Can turtles eat fish food pellets?,out-of-scope,todo
can-turtles-eat-fish-pellets,turtles,Can turtles eat fish pellets?,out-of-scope,todo
can-turtles-eat-flies,turtles,Can turtles eat flies?,out-of-scope,todo
can-turtles-eat-flowers,turtles,Can turtles eat flowers?,out-of-scope,todo
can-turtles-eat-food-soaked-in-vinegar,turtles,Can turtles eat food soaked in vinegar?,out-of-scope,todo
can-turtles-eat-freeze-dried-bloodworms,turtles,Can turtles eat freeze dried bloodworms?,out-of-scope,todo
can-turtles-eat-french-fries,turtles,Can turtles eat french fries?,out-of-scope,todo
can-turtles-eat-fresh-green-beans,turtles,Can turtles eat fresh green beans?,out-of-scope,todo
can-turtles-eat-fresh-spinach,turtles,Can turtles eat fresh spinach?,out-of-scope,todo
can-turtles-eat-fries,turtles,Can turtles eat fries?,out-of-scope,todo
can-turtles-eat-frogbit,turtles,Can turtles eat frogbit?,out-of-scope,todo
can-turtles-eat-frogs,turtles,Can turtles eat frogs?,out-of-scope,todo
can-turtles-eat-frozen-bloodworms,turtles,Can turtles eat frozen bloodworms?,out-of-scope,todo
can-turtles-eat-frozen-fruit,turtles,Can turtles eat frozen fruit?,out-of-scope,todo
can-turtles-eat-frozen-peas,turtles,Can turtles eat frozen peas?,out-of-scope,todo
can-turtles-eat-frozen-shrimp,turtles,Can turtles eat frozen shrimp?,out-of-scope,todo
can-turtles-eat-fruit,turtles,Can turtles eat fruit?,out-of-scope,todo
can-turtles-eat-fruit-cocktail,turtles,Can turtles eat fruit cocktail?,out-of-scope,todo
can-turtles-eat-fruit-loops,turtles,Can turtles eat fruit loops?,out-of-scope,todo
can-turtles-eat-fruits,turtles,Can turtles eat fruits?,out-of-scope,todo
can-turtles-eat-fruits-and-vegetables,turtles,Can turtles eat fruits and vegetables?,out-of-scope,todo
can-turtles-eat-garden-snails,turtles,Can turtles eat garden snails?,out-of-scope,todo
can-turtles-eat-garlic,turtles,Can turtles eat garlic?,out-of-scope,todo
can-turtles-eat-gelatin,turtles,Can turtles eat gelatin?,out-of-scope,todo
can-turtles-eat-geranium-leaves,turtles,Can turtles eat geranium leaves?,out-of-scope,todo
can-turtles-eat-ghost-shrimp,turtles,Can turtles eat ghost shrimp?,out-of-scope,todo
can-turtles-eat-gluten,turtles,Can turtles eat gluten?,out-of-scope,todo
can-turtles-eat-gluten-free-cat-food,turtles,Can turtles eat gluten free cat food?,out-of-scope,todo
can-turtles-eat-goji-berries,turtles,Can turtles eat goji berries?,out-of-scope,todo
can-turtles-eat-gold-potatoes,turtles,Can turtles eat gold potatoes?,out-of-scope,todo
can-turtles-eat-goldfish,turtles,Can turtles eat goldfish?,out-of-scope,todo
can-turtles-eat-goldfish-crackers,turtles,Can turtles eat goldfish crackers?,out-of-scope,todo
can-turtles-eat-goldfish-flakes,turtles,Can turtles eat goldfish flakes?,out-of-scope,todo
can-turtles-eat-goldfish-food,turtles,Can turtles eat goldfish food?,out-of-scope,todo
can-turtles-eat-goldfish-pellets,turtles,Can turtles eat goldfish pellets?,out-of-scope,todo
can-turtles-eat-grape-leaves,turtles,Can turtles eat grape leaves?,out-of-scope,todo
can-turtles-eat-grapefruit,turtles,Can turtles eat grapefruit?,out-of-scope,todo
can-turtles-eat-grapes,turtles,Can turtles eat grapes?,out-of-scope,todo
can-turtles-eat-grass,turtles,Can turtles eat grass?,out-of-scope,todo
can-turtles-eat-grasshoppers,turtles,Can turtles eat grasshoppers?,out-of-scope,todo
can-turtles-eat-green-apples,turtles,Can turtles eat green apples?,out-of-scope,todo
can-turtles-eat-green-beans,turtles,Can turtles eat green beans?,out-of-scope,todo
can-turtles-eat-green-bell-peppers,turtles,Can turtles eat green bell peppers?,out-of-scope,todo
can-turtles-eat-green-cabbage,turtles,Can turtles eat green cabbage?,out-of-scope,todo
can-turtles-eat-green-leaf-lettuce,turtles,Can turtles eat green leaf lettuce?,out-of-scope,todo
can-turtles-eat-green-onions,turtles,Can turtles eat green onions?,out-of-scope,todo
can-turtles-eat-green-peas,turtles,Can turtles eat green peas?,out-of-scope,todo
can-turtles-eat-green-peppers,turtles,Can turtles eat green peppers?,out-of-scope,todo
can-turtles-eat-green-tomatoes,turtles,Can turtles eat green tomatoes?,out-of-scope,todo
can-turtles-eat-ground-beef,turtles,Can turtles eat ground beef?,out-of-scope,todo
can-turtles-eat-grub-worms,turtles,Can turtles eat grub worms?,out-of-scope,todo
can-turtles-eat-guava,turtles,Can turtles eat guava?,out-of-scope,todo
can-turtles-eat-guppies,turtles,Can turtles eat guppies?,out-of-scope,todo
can-turtles-eat-ham,turtles,Can turtles eat ham?,out-of-scope,todo
can-turtles-eat-ham-rind,turtles,Can turtles eat ham rind?,out-of-scope,todo
can-turtles-eat-hamburger-meat,turtles,Can turtles eat hamburger meat?,out-of-scope,todo
can-turtles-eat-hamster-food,turtles,Can turtles eat hamster food?,out-of-scope,todo
can-turtles-eat-hard-boiled-eggs,turtles,Can turtles eat hard boiled eggs?,out-of-scope,todo
can-turtles-eat-hard-cat-food,turtles,Can turtles eat hard cat food?,out-of-scope,todo
can-turtles-eat-hay,turtles,Can turtles eat hay?,out-of-scope,todo
can-turtles-eat-hermit-crab-food,turtles,Can turtles eat hermit crab food?,out-of-scope,todo
can-turtles-eat-hibiscus-flowers,turtles,Can turtles eat hibiscus flowers?,out-of-scope,todo
can-turtles-eat-hikari-carnivore-pellets,turtles,Can turtles eat hikari carnivore pellets?,out-of-scope,todo
can-turtles-eat-hornworms,turtles,Can turtles eat hornworms?,out-of-scope,todo
can-turtles-eat-hornwort,turtles,Can turtles eat hornwort?,out-of-scope,todo
can-turtles-eat-hot-dogs,turtles,Can turtles eat hot dogs?,out-of-scope,todo
can-turtles-eat-hot-peppers,turtles,Can turtles eat hot peppers?,out-of-scope,todo
can-turtles-eat-hotdogs,turtles,Can turtles eat hotdogs?,out-of-scope,todo
can-turtles-eat-house-flies,turtles,Can turtles eat house flies?,out-of-scope,todo
can-turtles-eat-human-food,turtles,Can turtles eat human food?,out-of-scope,todo
can-turtles-eat-ice,turtles,Can turtles eat ice?,out-of-scope,todo
can-turtles-eat-ice-cream,turtles,Can turtles eat ice cream?,out-of-scope,todo
can-turtles-eat-iceberg-lettuce,turtles,Can turtles eat iceberg lettuce?,out-of-scope,todo
can-turtles-eat-imitation-crab,turtles,Can turtles eat imitation crab?,out-of-scope,todo
can-turtles-eat-in-the-dark,turtles,Can turtles eat in the dark?,out-of-scope,todo
can-turtles-eat-in-winter,turtles,Can turtles eat in winter?,out-of-scope,todo
can-turtles-eat-insects,turtles,Can turtles eat insects?,out-of-scope,todo
can-turtles-eat-java-fern,turtles,Can turtles eat java fern?,out-of-scope,todo
can-turtles-eat-java-moss,turtles,Can turtles eat java moss?,out-of-scope,todo
can-turtles-eat-jellyfish,turtles,Can turtles eat jellyfish?,out-of-scope,todo
can-turtles-eat-jellyfish-without-getting-stung,turtles,Can turtles eat jellyfish without getting stung?,out-of-scope,todo
can-turtles-eat-jicama,turtles,Can turtles eat jicama?,out-of-scope,todo
can-turtles-eat-june-bugs,turtles,Can turtles eat june bugs?,out-of-scope,todo
can-turtles-eat-kale,turtles,Can turtles eat kale?,out-of-scope,todo
can-turtles-eat-kiwi,turtles,Can turtles eat kiwi?,out-of-scope,todo
can-turtles-eat-kiwi-fruit,turtles,Can turtles eat kiwi fruit?,out-of-scope,todo
can-turtles-eat-koi-food,turtles,Can turtles eat koi food?,out-of-scope,todo
can-turtles-eat-koi-pellets,turtles,Can turtles eat koi pellets?,out-of-scope,todo
can-turtles-eat-ladybugs,turtles,Can turtles eat ladybugs?,out-of-scope,todo
can-turtles-eat-land-snails,turtles,Can turtles eat land snails?,out-of-scope,todo
can-turtles-eat-lantern-flies,turtles,Can turtles eat lantern flies?,out-of-scope,todo
can-turtles-eat-lanternflies,turtles,Can turtles eat lanternflies?,out-of-scope,todo
can-turtles-eat-leaves,turtles,Can turtles eat leaves?,out-of-scope,todo
can-turtles-eat-leeches,turtles,Can turtles eat leeches?,out-of-scope,todo
can-turtles-eat-lemons,turtles,Can turtles eat lemons?,out-of-scope,todo
can-turtles-eat-lettuce,turtles,Can turtles eat lettuce?,out-of-scope,todo
can-turtles-eat-lettuce-leaves,turtles,Can turtles eat lettuce leaves?,out-of-scope,todo
can-turtles-eat-lightning-bugs,turtles,Can turtles eat lightning bugs?,out-of-scope,todo
can-turtles-eat-lily-pads,turtles,Can turtles eat lily pads?,out-of-scope,todo
can-turtles-eat-live-mealworms,turtles,Can turtles eat live mealworms?,out-of-scope,todo
can-turtles-eat-live-shrimp,turtles,Can turtles eat live shrimp?,out-of-scope,todo
can-turtles-eat-lizard-eggs,turtles,Can turtles eat lizard eggs?,out-of-scope,todo
can-turtles-eat-lizards,turtles,Can turtles eat lizards?,out-of-scope,todo
can-turtles-eat-lunch-meat,turtles,Can turtles eat lunch meat?,out-of-scope,todo
can-turtles-eat-maggots,turtles,Can turtles eat maggots?,out-of-scope,todo
can-turtles-eat-mandarin-oranges,turtles,Can turtles eat mandarin oranges?,out-of-scope,todo
can-turtles-eat-mango-skin,turtles,Can turtles eat mango skin?,out-of-scope,todo
can-turtles-eat-mangos,turtles,Can turtles eat mangos?,out-of-scope,todo
can-turtles-eat-marimo-moss-ball,turtles,Can turtles eat marimo moss ball?,out-of-scope,todo
can-turtles-eat-mashed-potatoes,turtles,Can turtles eat mashed potatoes?,out-of-scope,todo
can-turtles-eat-mayonase,turtles,Can turtles eat mayonase?,out-of-scope,todo
can-turtles-eat-meal-worms,turtles,Can turtles eat meal worms?,out-of-scope,todo
can-turtles-eat-mealworm-beetles,turtles,Can turtles eat mealworm beetles?,out-of-scope,todo
can-turtles-eat-mealworms,turtles,Can turtles eat mealworms?,out-of-scope,todo
can-turtles-eat-meat,turtles,Can turtles eat meat?,out-of-scope,todo
can-turtles-eat-mice,turtles,Can turtles eat mice?,out-of-scope,todo
can-turtles-eat-mimosa-tree-leaves,turtles,Can turtles eat mimosa tree leaves?,out-of-scope,todo
can-turtles-eat-minnows,turtles,Can turtles eat minnows?,out-of-scope,todo
can-turtles-eat-mint,turtles,Can turtles eat mint?,out-of-scope,todo
can-turtles-eat-mint-leaves,turtles,Can turtles eat mint leaves?,out-of-scope,todo
can-turtles-eat-moldy-bread,turtles,Can turtles eat moldy bread?,out-of-scope,todo
can-turtles-eat-mollies,turtles,Can turtles eat mollies?,out-of-scope,todo
can-turtles-eat-mondo-grass,turtles,Can turtles eat mondo grass?,out-of-scope,todo
can-turtles-eat-monkey-grass,turtles,Can turtles eat monkey grass?,out-of-scope,todo
can-turtles-eat-mosquito-larvae,turtles,Can turtles eat mosquito larvae?,out-of-scope,todo
can-turtles-eat-moss,turtles,Can turtles eat moss?,out-of-scope,todo
can-turtles-eat-moss-balls,turtles,Can turtles eat moss balls?,out-of-scope,todo
can-turtles-eat-moths,turtles,Can turtles eat moths?,out-of-scope,todo
can-turtles-eat-mushrooms,turtles,Can turtles eat mushrooms?,out-of-scope,todo
can-turtles-eat-mustard-greens,turtles,Can turtles eat mustard greens?,out-of-scope,todo
can-turtles-eat-mystery-snails,turtles,Can turtles eat mystery snails?,out-of-scope,todo
can-turtles-eat-napa-cabbage,turtles,Can turtles eat napa cabbage?,out-of-scope,todo
can-turtles-eat-nectarines,turtles,Can turtles eat nectarines?,out-of-scope,todo
can-turtles-eat-neon-tetras,turtles,Can turtles eat neon tetras?,out-of-scope,todo
can-turtles-eat-nightcrawlers,turtles,Can turtles eat nightcrawlers?,out-of-scope,todo
can-turtles-eat-nightcrawlers-and-wax-worms,turtles,Can turtles eat nightcrawlers and wax worms?,out-of-scope,todo
can-turtles-eat-nightcrawlers-andwax,turtles,Can turtles eat nightcrawlers andwax?,out-of-scope,todo
can-turtles-eat-non-frozen-bloodworms,turtles,Can turtles eat non frozen bloodworms?,out-of-scope,todo
can-turtles-eat-noodles,turtles,Can turtles eat noodles?,out-of-scope,todo
can-turtles-eat-nuts,turtles,Can turtles eat nuts?,out-of-scope,todo
can-turtles-eat-oatmeal,turtles,Can turtles eat oatmeal?,out-of-scope,todo
can-turtles-eat-oats,turtles,Can turtles eat oats?,out-of-scope,todo
can-turtles-eat-okra,turtles,Can turtles eat okra?,out-of-scope,todo
can-turtles-eat-olives,turtles,Can turtles eat olives?,out-of-scope,todo
can-turtles-eat-on-land,turtles,Can turtles eat on land?,out-of-scope,todo
can-turtles-eat-onions,turtles,Can turtles eat onions?,out-of-scope,todo
can-turtles-eat-orange-peels,turtles,Can turtles eat orange peels?,out-of-scope,todo
can-turtles-eat-oranges,turtles,Can turtles eat oranges?,out-of-scope,todo
can-turtles-eat-other-turtles,turtles,Can turtles eat other turtles?,out-of-scope,todo
can-turtles-eat-out-of-a-dish,turtles,Can turtles eat out of a dish?,out-of-scope,todo
can-turtles-eat-out-of-water,turtles,Can turtles eat out of water?,out-of-scope,todo
can-turtles-eat-outside-of-water,turtles,Can turtles eat outside of water?,out-of-scope,todo
can-turtles-eat-pancakes,turtles,Can turtles eat pancakes?,out-of-scope,todo
can-turtles-eat-papaya,turtles,Can turtles eat papaya?,out-of-scope,todo
can-turtles-eat-parsley,turtles,Can turtles eat parsley?,out-of-scope,todo
can-turtles-eat-pasta,turtles,Can turtles eat pasta?,out-of-scope,todo
can-turtles-eat-peaches,turtles,Can turtles eat peaches?,out-of-scope,todo
can-turtles-eat-peanut-butter,turtles,Can turtles eat peanut butter?,out-of-scope,todo
can-turtles-eat-peanuts,turtles,Can turtles eat peanuts?,out-of-scope,todo
can-turtles-eat-pears,turtles,Can turtles eat pears?,out-of-scope,todo
can-turtles-eat-peas,turtles,Can turtles eat peas?,out-of-scope,todo
can-turtles-eat-penuts,turtles,Can turtles eat penuts?,out-of-scope,todo
can-turtles-eat-people,turtles,Can turtles eat people?,out-of-scope,todo
can-turtles-eat-pepperoni,turtles,Can turtles eat pepperoni?,out-of-scope,todo
can-turtles-eat-peppers,turtles,Can turtles eat peppers?,out-of-scope,todo
can-turtles-eat-persimmons,turtles,Can turtles eat persimmons?,out-of-scope,todo
can-turtles-eat-pickled-beets,turtles,Can turtles eat pickled beets?,out-of-scope,todo
can-turtles-eat-pickles,turtles,Can turtles eat pickles?,out-of-scope,todo
can-turtles-eat-pineapple,turtles,Can turtles eat pineapple?,out-of-scope,todo
can-turtles-eat-pineapple-skin,turtles,Can turtles eat pineapple skin?,out-of-scope,todo
can-turtles-eat-pineapples,turtles,Can turtles eat pineapples?,out-of-scope,todo
can-turtles-eat-pistachios,turtles,Can turtles eat pistachios?,out-of-scope,todo
can-turtles-eat-pizza,turtles,Can turtles eat pizza?,out-of-scope,todo
can-turtles-eat-pizza-crust,turtles,Can turtles eat pizza crust?,out-of-scope,todo
can-turtles-eat-plants,turtles,Can turtles eat plants?,out-of-scope,todo
can-turtles-eat-plecostomus,turtles,Can turtles eat plecostomus?,out-of-scope,todo
can-turtles-eat-plums,turtles,Can turtles eat plums?,out-of-scope,todo
can-turtles-eat-pomegranate,turtles,Can turtles eat pomegranate?,out-of-scope,todo
can-turtles-eat-pond-fish-food,turtles,Can turtles eat pond fish food?,out-of-scope,todo
can-turtles-eat-poop,turtles,Can turtles eat poop?,out-of-scope,todo
can-turtles-eat-popcorn,turtles,Can turtles eat popcorn?,out-of-scope,todo
can-turtles-eat-popsicles,turtles,Can turtles eat popsicles?,out-of-scope,todo
can-turtles-eat-porgy-fish,turtles,Can turtles eat porgy fish?,out-of-scope,todo
can-turtles-eat-pork,turtles,Can turtles eat pork?,out-of-scope,todo
can-turtles-eat-portobello-mushrooms,turtles,Can turtles eat portobello mushrooms?,out-of-scope,todo
can-turtles-eat-potato-bugs,turtles,Can turtles eat potato bugs?,out-of-scope,todo
can-turtles-eat-potato-chips,turtles,Can turtles eat potato chips?,out-of-scope,todo
can-turtles-eat-potato-peels,turtles,Can turtles eat potato peels?,out-of-scope,todo
can-turtles-eat-potatoes,turtles,Can turtles eat potatoes?,out-of-scope,todo
can-turtles-eat-pothos,turtles,Can turtles eat pothos?,out-of-scope,todo
can-turtles-eat-prawns,turtles,Can turtles eat prawns?,out-of-scope,todo
can-turtles-eat-praying-mantis,turtles,Can turtles eat praying mantis?,out-of-scope,todo
can-turtles-eat-pretzels,turtles,Can turtles eat pretzels?,out-of-scope,todo
can-turtles-eat-puffs,turtles,Can turtles eat puffs?,out-of-scope,todo
can-turtles-eat-pumpkin,turtles,Can turtles eat pumpkin?,out-of-scope,todo
can-turtles-eat-pumpkin-guts,turtles,Can turtles eat pumpkin guts?,out-of-scope,todo
can-turtles-eat-pumpkin-seeds,turtles,Can turtles eat pumpkin seeds?,out-of-scope,todo
can-turtles-eat-pumpkins,turtles,Can turtles eat pumpkins?,out-of-scope,todo
can-turtles-eat-purple-cabbage,turtles,Can turtles eat purple cabbage?,out-of-scope,todo
can-turtles-eat-purple-grapes,turtles,Can turtles eat purple grapes?,out-of-scope,todo
can-turtles-eat-queens-reef,turtles,Can turtles eat queens reef?,out-of-scope,todo
can-turtles-eat-quinoa,turtles,Can turtles eat quinoa?,out-of-scope,todo
can-turtles-eat-rabbit-food,turtles,Can turtles eat rabbit food?,out-of-scope,todo
can-turtles-eat-rabbit-pellets,turtles,Can turtles eat rabbit pellets?,out-of-scope,todo
can-turtles-eat-raddish-leaves,turtles,Can turtles eat raddish leaves?,out-of-scope,todo
can-turtles-eat-radish-greens,turtles,Can turtles eat radish greens?,out-of-scope,todo
can-turtles-eat-radish-leaves,turtles,Can turtles eat radish leaves?,out-of-scope,todo
can-turtles-eat-radishes,turtles,Can turtles eat radishes?,out-of-scope,todo
can-turtles-eat-raisins,turtles,Can turtles eat raisins?,out-of-scope,todo
can-turtles-eat-ramshorn-snail,turtles,Can turtles eat ramshorn snail?,out-of-scope,todo
can-turtles-eat-ramshorn-snails,turtles,Can turtles eat ramshorn snails?,out-of-scope,todo
can-turtles-eat-raspberries,turtles,Can turtles eat raspberries?,out-of-scope,todo
can-turtles-eat-rats,turtles,Can turtles eat rats?,out-of-scope,todo
can-turtles-eat-raw-bacon,turtles,Can turtles eat raw bacon?,out-of-scope,todo
can-turtles-eat-raw-beef,turtles,Can turtles eat raw beef?,out-of-scope,todo
can-turtles-eat-raw-cabbage,turtles,Can turtles eat raw cabbage?,out-of-scope,todo
can-turtles-eat-raw-carrots,turtles,Can turtles eat raw carrots?,out-of-scope,todo
can-turtles-eat-raw-chicken,turtles,Can turtles eat raw chicken?,out-of-scope,todo
can-turtles-eat-raw-fish,turtles,Can turtles eat raw fish?,out-of-scope,todo
can-turtles-eat-raw-hot-dogs,turtles,Can turtles eat raw hot dogs?,out-of-scope,todo
can-turtles-eat-raw-meat,turtles,Can turtles eat raw meat?,out-of-scope,todo
can-turtles-eat-raw-oysters,turtles,Can turtles eat raw oysters?,out-of-scope,todo
can-turtles-eat-raw-potatoes,turtles,Can turtles eat raw potatoes?,out-of-scope,todo
can-turtles-eat-raw-pumpkin,turtles,Can turtles eat raw pumpkin?,out-of-scope,todo
can-turtles-eat-raw-salmon,turtles,Can turtles eat raw salmon?,out-of-scope,todo
can-turtles-eat-raw-shrimp,turtles,Can turtles eat raw shrimp?,out-of-scope,todo
can-turtles-eat-red-bell-peppers,turtles,Can turtles eat red bell peppers?,out-of-scope,todo
can-turtles-eat-red-cabbage,turtles,Can turtles eat red cabbage?,out-of-scope,todo
can-turtles-eat-red-eared-sliders,turtles,Can turtles eat red eared sliders?,out-of-scope,todo
can-turtles-eat-red-grapes,turtles,Can turtles eat red grapes?,out-of-scope,todo
can-turtles-eat-red-leaf-lettuce,turtles,Can turtles eat red leaf lettuce?,out-of-scope,todo
can-turtles-eat-red-meat,turtles,Can turtles eat red meat?,out-of-scope,todo
can-turtles-eat-red-tomatoes,turtles,Can turtles eat red tomatoes?,out-of-scope,todo
can-turtles-eat-red-worms,turtles,Can turtles eat red worms?,out-of-scope,todo
can-turtles-eat-regular-potatoes,turtles,Can turtles eat regular potatoes?,out-of-scope,todo
can-turtles-eat-reptoguard,turtles,Can turtles eat reptoguard?,out-of-scope,todo
can-turtles-eat-rhubarb,turtles,Can turtles eat rhubarb?,out-of-scope,todo
can-turtles-eat-rice,turtles,Can turtles eat rice?,out-of-scope,todo
can-turtles-eat-roaches,turtles,Can turtles eat roaches?,out-of-scope,todo
can-turtles-eat-roasted-seaweed,turtles,Can turtles eat roasted seaweed?,out-of-scope,todo
can-turtles-eat-rocks,turtles,Can turtles eat rocks?,out-of-scope,todo
can-turtles-eat-rolly-pollies,turtles,Can turtles eat rolly pollies?,out-of-scope,todo
can-turtles-eat-roma-tomatoes,turtles,Can turtles eat roma tomatoes?,out-of-scope,todo
can-turtles-eat-romaine-lettuce,turtles,Can turtles eat romaine lettuce?,out-of-scope,todo
can-turtles-eat-rose-petals,turtles,Can turtles eat rose petals?,out-of-scope,todo
can-turtles-eat-roses,turtles,Can turtles eat roses?,out-of-scope,todo
can-turtles-eat-rosy-red-minnows,turtles,Can turtles eat rosy red minnows?,out-of-scope,todo
can-turtles-eat-rotten-worms,turtles,Can turtles eat rotten worms?,out-of-scope,todo
can-turtles-eat-salad,turtles,Can turtles eat salad?,out-of-scope,todo
can-turtles-eat-salamanders,turtles,Can turtles eat salamanders?,out-of-scope,todo
can-turtles-eat-salami,turtles,Can turtles eat salami?,out-of-scope,todo
can-turtles-eat-salt,turtles,Can turtles eat salt?,out-of-scope,todo
can-turtles-eat-salvinia,turtles,Can turtles eat salvinia?,out-of-scope,todo
can-turtles-eat-sand,turtles,Can turtles eat sand?,out-of-scope,todo
can-turtles-eat-sardines,turtles,Can turtles eat sardines?,out-of-scope,todo
can-turtles-eat-sausage,turtles,Can turtles eat sausage?,out-of-scope,todo
can-turtles-eat-scirpus,turtles,Can turtles eat scirpus?,out-of-scope,todo
can-turtles-eat-scrambled-eggs,turtles,Can turtles eat scrambled eggs?,out-of-scope,todo
can-turtles-eat-seafood-sticks,turtles,Can turtles eat seafood sticks?,out-of-scope,todo
can-turtles-eat-seaweed,turtles,Can turtles eat seaweed?,out-of-scope,todo
can-turtles-eat-seeds,turtles,Can turtles eat seeds?,out-of-scope,todo
can-turtles-eat-shrimp,turtles,Can turtles eat shrimp?,out-of-scope,todo
can-turtles-eat-shrimp-pellets,turtles,Can turtles eat shrimp pellets?,out-of-scope,todo
can-turtles-eat-shrimp-shells,turtles,Can turtles eat shrimp shells?,out-of-scope,todo
can-turtles-eat-slugs,turtles,Can turtles eat slugs?,out-of-scope,todo
can-turtles-eat-smoked-salmon,turtles,Can turtles eat smoked salmon?,out-of-scope,todo
can-turtles-eat-snail-eggs,turtles,Can turtles eat snail eggs?,out-of-scope,todo
can-turtles-eat-snail-shells,turtles,Can turtles eat snail shells?,out-of-scope,todo
can-turtles-eat-snails,turtles,Can turtles eat snails?,out-of-scope,todo
can-turtles-eat-snakes,turtles,Can turtles eat snakes?,out-of-scope,todo
can-turtles-eat-snap-peas,turtles,Can turtles eat snap peas?,out-of-scope,todo
can-turtles-eat-snow-peas,turtles,Can turtles eat snow peas?,out-of-scope,todo
can-turtles-eat-spaghetti,turtles,Can turtles eat spaghetti?,out-of-scope,todo
can-turtles-eat-spearmint,turtles,Can turtles eat spearmint?,out-of-scope,todo
can-turtles-eat-spicy-food,turtles,Can turtles eat spicy food?,out-of-scope,todo
can-turtles-eat-spicy-peppers,turtles,Can turtles eat spicy peppers?,out-of-scope,todo
can-turtles-eat-spider-plants,turtles,Can turtles eat spider plants?,out-of-scope,todo
can-turtles-eat-spiders,turtles,Can turtles eat spiders?,out-of-scope,todo
can-turtles-eat-spinach,turtles,Can turtles eat spinach?,out-of-scope,todo
can-turtles-eat-spinach-leaves,turtles,Can turtles eat spinach leaves?,out-of-scope,todo
can-turtles-eat-spinich,turtles,Can turtles eat spinich?,out-of-scope,todo
can-turtles-eat-sprouted-chia-seeds,turtles,Can turtles eat sprouted chia seeds?,out-of-scope,todo
can-turtles-eat-squash,turtles,Can turtles eat squash?,out-of-scope,todo
can-turtles-eat-steak,turtles,Can turtles eat steak?,out-of-scope,todo
can-turtles-eat-stink-bugs,turtles,Can turtles eat stink bugs?,out-of-scope,todo
can-turtles-eat-strawberries,turtles,Can turtles eat strawberries?,out-of-scope,todo
can-turtles-eat-strawberry,turtles,Can turtles eat strawberry?,out-of-scope,todo
can-turtles-eat-strawberry-leaves,turtles,Can turtles eat strawberry leaves?,out-of-scope,todo
can-turtles-eat-strawberry-tops,turtles,Can turtles eat strawberry tops?,out-of-scope,todo
can-turtles-eat-succulents,turtles,Can turtles eat succulents?,out-of-scope,todo
can-turtles-eat-sugar,turtles,Can turtles eat sugar?,out-of-scope,todo
can-turtles-eat-sugar-snap-peas,turtles,Can turtles eat sugar snap peas?,out-of-scope,todo
can-turtles-eat-sunflower-kernels,turtles,Can turtles eat sunflower kernels?,out-of-scope,todo
can-turtles-eat-sunflower-seeds,turtles,Can turtles eat sunflower seeds?,out-of-scope,todo
can-turtles-eat-superworms,turtles,Can turtles eat superworms?,out-of-scope,todo
can-turtles-eat-sweet-peas,turtles,Can turtles eat sweet peas?,out-of-scope,todo
can-turtles-eat-sweet-peppers,turtles,Can turtles eat sweet peppers?,out-of-scope,todo
can-turtles-eat-swiss-chard,turtles,Can turtles eat swiss chard?,out-of-scope,todo
can-turtles-eat-tacos,turtles,Can turtles eat tacos?,out-of-scope,todo
can-turtles-eat-tadpoles,turtles,Can turtles eat tadpoles?,out-of-scope,todo
can-turtles-eat-tadpoles,turtles,Can turtles eat tadpoles?,out-of-scope,todo
can-turtles-eat-tangerines,turtles,Can turtles eat tangerines?,out-of-scope,todo
can-turtles-eat-the-same-things-as-tortoises,turtles,Can turtles eat the same things as tortoises?,out-of-scope,todo
can-turtles-eat-their-own-poop,turtles,Can turtles eat their own poop?,out-of-scope,todo
can-turtles-eat-things-with-salt,turtles,Can turtles eat things with salt?,out-of-scope,todo
can-turtles-eat-tilapia,turtles,Can turtles eat tilapia?,out-of-scope,todo
can-turtles-eat-timothy-hay,turtles,Can turtles eat timothy hay?,out-of-scope,todo
can-turtles-eat-toads,turtles,Can turtles eat toads?,out-of-scope,todo
can-turtles-eat-tomato-hornworms,turtles,Can turtles eat tomato hornworms?,out-of-scope,todo
can-turtles-eat-tomato-leaves,turtles,Can turtles eat tomato leaves?,out-of-scope,todo
can-turtles-eat-tomato-worms,turtles,Can turtles eat tomato worms?,out-of-scope,todo
can-turtles-eat-tomatoes,turtles,Can turtles eat tomatoes?,out-of-scope,todo
can-turtles-eat-tortillas,turtles,Can turtles eat tortillas?,out-of-scope,todo
can-turtles-eat-tortoise-food,turtles,Can turtles eat tortoise food?,out-of-scope,todo
can-turtles-eat-tortoise-tomatoes,turtles,Can turtles eat tortoise tomatoes?,out-of-scope,todo
can-turtles-eat-tuna,turtles,Can turtles eat tuna?,out-of-scope,todo
can-turtles-eat-tuna-fish,turtles,Can turtles eat tuna fish?,out-of-scope,todo
can-turtles-eat-turkey-meat,turtles,Can turtles eat turkey meat?,out-of-scope,todo
can-turtles-eat-turnip-greens,turtles,Can turtles eat turnip greens?,out-of-scope,todo
can-turtles-eat-underwater,turtles,Can turtles eat underwater?,out-of-scope,todo
can-turtles-eat-vegetables,turtles,Can turtles eat vegetables?,out-of-scope,todo
can-turtles-eat-walnuts,turtles,Can turtles eat walnuts?,out-of-scope,todo
can-turtles-eat-wardley-pond-pellets,turtles,Can turtles eat wardley pond pellets?,out-of-scope,todo
can-turtles-eat-wasps,turtles,Can turtles eat wasps?,out-of-scope,todo
can-turtles-eat-water-hyacinth,turtles,Can turtles eat water hyacinth?,out-of-scope,todo
can-turtles-eat-water-lettuce,turtles,Can turtles eat water lettuce?,out-of-scope,todo
can-turtles-eat-water-wisteria,turtles,Can turtles eat water wisteria?,out-of-scope,todo
can-turtles-eat-watercress,turtles,Can turtles eat watercress?,out-of-scope,todo
can-turtles-eat-watermelon,turtles,Can turtles eat watermelon?,out-of-scope,todo
can-turtles-eat-watermelon-rind,turtles,Can turtles eat watermelon rind?,out-of-scope,todo
can-turtles-eat-watermelon-rinds,turtles,Can turtles eat watermelon rinds?,out-of-scope,todo
can-turtles-eat-watermelon-seeds,turtles,Can turtles eat watermelon seeds?,out-of-scope,todo
can-turtles-eat-watermelons,turtles,Can turtles eat watermelons?,out-of-scope,todo
can-turtles-eat-wax-worms,turtles,Can turtles eat wax worms?,out-of-scope,todo
can-turtles-eat-weeds,turtles,Can turtles eat weeds?,out-of-scope,todo
can-turtles-eat-wheat-bread,turtles,Can turtles eat wheat bread?,out-of-scope,todo
can-turtles-eat-wheatgrass,turtles,Can turtles eat wheatgrass?,out-of-scope,todo
can-turtles-eat-wild-mushrooms,turtles,Can turtles eat wild mushrooms?,out-of-scope,todo
can-turtles-eat-worms,turtles,Can turtles eat worms?,out-of-scope,todo
can-turtles-eat-zucchini,turtles,Can turtles eat zucchini?,out-of-scope,todo
can-turtles-eat-zucchini-skin,turtles,Can turtles eat zucchini skin?,out-of-scope,todo
how-can-turtles-eat-jellyfish,turtles,How can turtles eat jellyfish?,out-of-scope,todo
how-much-can-turtles-eat,turtles,How much can turtles eat?,out-of-scope,todo
how-often-can-turtles-eat-fish,turtles,How often can turtles eat fish?,out-of-scope,todo
what-aquatic-plants-can-turtles-eat,turtles,What aquatic plants can turtles eat?,out-of-scope,todo
what-can-turtles-eat,turtles,What can turtles eat?,out-of-scope,todo
what-can-turtles-eat-and-not-eat,turtles,What can turtles eat and not eat?,out-of-scope,todo
what-can-turtles-eat-cat-food,turtles,What can turtles eat cat food?,out-of-scope,todo
what-can-turtles-eat-food,turtles,What can turtles eat food?,out-of-scope,todo
what-can-turtles-eat-list,turtles,What can turtles eat list?,out-of-scope,todo
what-can-turtles-eat-mealworms,turtles,What can turtles eat mealworms?,out-of-scope,todo
what-can-turtles-eat-other-than-turtle-food,turtles,What can turtles eat other than turtle food?,out-of-scope,todo
what-can-turtles-eat-strawberries,turtles,What can turtles eat strawberries?,out-of-scope,todo
what-flowers-can-turtles-eat,turtles,What flowers can turtles eat?,out-of-scope,todo
what-food-can-turtles-eat,turtles,What food can turtles eat?,out-of-scope,todo
what-foods-can-turtles-eat,turtles,What foods can turtles eat?,out-of-scope,todo
what-fruits-can-turtles-eat,turtles,What fruits can turtles eat?,out-of-scope,todo
what-human-food-can-turtles-eat,turtles,What human food can turtles eat?,out-of-scope,todo
what-insects-can-turtles-eat,turtles,What insects can turtles eat?,out-of-scope,todo
what-kind-of-fish-can-turtles-eat,turtles,What kind of fish can turtles eat?,out-of-scope,todo
what-kind-of-food-can-turtles-eat,turtles,What kind of food can turtles eat?,out-of-scope,todo
what-kind-of-fruit-can-turtles-eat,turtles,What kind of fruit can turtles eat?,out-of-scope,todo
what-kind-of-fruits-and-vegetables-can-turtles-eat,turtles,What kind of fruits and vegetables can turtles eat?,out-of-scope,todo
what-kind-of-fruits-can-turtles-eat,turtles,What kind of fruits can turtles eat?,out-of-scope,todo
what-kind-of-human-food-can-turtles-eat,turtles,What kind of human food can turtles eat?,out-of-scope,todo
what-kind-of-lettuce-can-turtles-eat,turtles,What kind of lettuce can turtles eat?,out-of-scope,todo
what-kind-of-meat-can-turtles-eat,turtles,What kind of meat can turtles eat?,out-of-scope,todo
what-kind-of-plants-can-turtles-eat,turtles,What kind of plants can turtles eat?,out-of-scope,todo
what-kind-of-vegetables-can-turtles-eat,turtles,What kind of vegetables can turtles eat?,out-of-scope,todo
what-live-animals-can-turtles-eat,turtles,What live animals can turtles eat?,out-of-scope,todo
what-live-food-can-turtles-eat,turtles,What live food can turtles eat?,out-of-scope,todo
what-live-plants-can-turtles-eat,turtles,What live plants can turtles eat?,out-of-scope,todo
what-meats-can-turtles-eat,turtles,What meats can turtles eat?,out-of-scope,todo
what-plants-can-turtles-eat,turtles,What plants can turtles eat?,out-of-scope,todo
what-vegetables-can-turtles-eat,turtles,What vegetables can turtles eat?,out-of-scope,todo
